age,AB,salary,war,hand2,cp,OPS,YOPS,YAB
24,52,2500,-0.055,1,2,0.509,0.58,79
25,79,2900,-0.441,1,2,0.58,0.784,154
26,154,6000,0.783,1,2,0.784,0.581,174
27,174,6000,-0.405,1,2,0.581,0.476,17
28,17,5500,-0.13,1,2,0.476,0.691,47
29,47,5300,0.083,1,2,0.691,0.698,47
20,25,2900,-0.231,2,2,0.474,0.712,57
26,24,3000,-0.187,2,2,0.398,0.72,144
27,144,3000,0.729,2,2,0.72,0.576,352
28,352,3000,-0.447,2,2,0.576,0.685,310
29,310,15000,0.941,2,2,0.685,0.481,96
22,28,2700,-0.258,1,2,0.386,0.566,83
23,83,3100,-0.14,1,2,0.566,0.732,89
22,5,2700,-0.02,1,4,0.167,0.166,12
23,12,2700,-0.141,1,4,0.166,0.502,15
24,15,3000,-0.124,1,4,0.502,0.375,57
25,57,3100,-0.486,1,4,0.375,0.724,123
19,278,2400,0.527,1,6,0.607,0.742,116
20,116,3500,0.777,1,6,0.742,0.715,348
21,348,4500,2.269,1,6,0.715,0.753,335
22,335,7000,2.96,1,6,0.753,0.73,441
23,441,11000,3.878,1,6,0.73,0.725,310
24,310,18000,2.276,1,6,0.725,0.645,93
27,25,13000,0.284,1,6,0.905,0.897,476
28,476,8000,5.047,1,6,0.897,0.747,424
29,424,28000,1.527,1,6,0.747,0.731,394
19,371,2400,0.669,1,4,0.701,0.766,461
20,461,6000,3.238,1,4,0.766,0.804,378
21,378,10000,3.277,1,4,0.804,0.725,489
22,489,12500,3.716,1,4,0.725,0.645,414
23,414,20000,1.614,1,4,0.645,0.934,434
26,36,15000,-0.124,1,4,0.588,0.886,487
27,487,22000,4.232,1,4,0.886,0.955,494
28,494,32000,4.382,1,4,0.955,0.792,362
19,44,3000,-0.353,1,3,0.728,1.572,7
23,2,2400,0.068,1,8,1.5,0.411,19
27,29,2400,-0.295,1,8,0.407,0.745,400
19,48,2400,0.357,1,3,0.823,0.813,300
20,300,2300,1.807,1,3,0.813,0.65,264
21,264,4100,-0.446,1,3,0.65,0.48,125
22,125,4600,-0.913,1,3,0.48,0.666,450
26,387,4000,0.568,1,3,0.647,0.752,412
27,412,6600,3.076,1,3,0.752,0.807,435
28,435,10500,2.26,1,3,0.807,0.71,485
29,485,15000,1.296,1,3,0.71,0.797,321
30,321,17000,2.396,1,3,0.797,0.751,435
31,435,27000,2.88,1,3,0.751,0.777,168
32,168,50000,1.322,1,3,0.777,0.911,399
33,399,50000,2.974,1,3,0.911,0.954,333
34,333,50000,3.164,1,3,0.954,0.952,511
35,511,50000,4.271,1,3,0.952,0.848,440
36,440,60000,2.342,1,3,0.848,0.895,429
37,429,40000,2.328,1,3,0.895,0.714,337
26,13,3000,-0.31,2,4,0.665,0.754,155
27,155,3000,0.433,2,4,0.754,0.777,9
28,9,5500,-0.018,2,4,0.777,0.668,83
29,83,5500,-0.364,2,4,0.668,0,5
26,38,3200,-0.055,2,3,0.724,0.779,213
27,213,3200,0.238,2,3,0.779,0.67,30
28,30,4500,0.041,2,3,0.67,0.904,48
29,48,4500,0.288,2,3,0.904,0.849,175
20,54,2700,0.066,2,4,0.685,0.762,6
21,75,2900,0.164,2,3,0.782,0.633,150
23,11,2400,-0.162,1,5,0.182,0.315,24
24,24,2800,-0.487,1,5,0.315,0.464,52
25,52,3200,-0.519,1,5,0.464,0.569,70
26,70,6000,-0.387,1,5,0.569,0.547,38
23,90,2400,0.346,1,5,0.616,0.36,54
24,54,2400,-0.464,1,5,0.36,2,2
25,2,2400,0.136,1,5,2,0.475,35
26,35,2400,0.148,1,5,0.475,0.479,30
22,5,2800,-0.06,1,7,0.4,0,2
23,2,2800,-0.052,1,7,0,0.648,177
24,177,2800,-0.551,1,7,0.648,0.645,151
21,93,2000,0.096,1,7,0.575,0,4
25,85,2400,0.142,1,7,0.589,0.504,20
26,20,3200,-0.221,1,7,0.504,0,2
27,2,4200,-0.037,1,7,0,0.666,27
28,27,6000,0.38,1,7,0.666,0.619,62
29,62,6000,-0.254,1,7,0.619,0.485,18
30,18,6000,-0.107,1,7,0.485,1.192,33
31,33,6500,0.238,1,7,1.192,0.661,51
26,3,3100,-0.097,2,9,0,0,1
27,1,3200,-0.055,2,9,0,0.566,16
23,217,2500,0.195,1,7,0.694,0.45,20
24,20,7500,-0.078,1,7,0.45,0.678,212
25,212,6500,-0.995,1,7,0.678,0.885,111
26,111,6500,1.174,1,7,0.885,0.746,92
27,92,8000,0.249,1,7,0.746,0.334,6
28,6,7000,-0.216,1,7,0.334,0.642,49
23,200,2400,1.838,1,10,0.846,0.842,384
24,384,3800,2.36,1,10,0.842,0.735,316
25,316,10000,0.54,1,10,0.735,0.903,291
26,291,9000,2.59,1,10,0.903,0.782,398
27,398,12500,3.171,1,10,0.782,0.868,435
28,435,15000,4.23,1,10,0.868,0.914,398
29,398,20000,2.376,1,10,0.914,0.753,304
30,304,20000,-0.144,1,10,0.753,1.022,380
31,380,20000,3.695,1,10,1.022,0.939,459
32,459,60000,3.457,1,10,0.939,0.951,317
33,317,60000,2.458,1,10,0.951,0.665,129
25,384,5000,3.517,2,10,0.851,0.883,415
26,415,10000,2.974,2,10,0.883,0.913,420
27,420,13500,4.274,2,10,0.913,1.044,480
28,480,18500,7.636,2,10,1.044,0.773,461
29,461,30000,3.205,2,10,0.773,0.896,511
30,511,28000,4.911,2,10,0.896,1.075,430
31,430,45000,5.334,2,10,1.075,0.965,547
32,547,70000,4.863,2,10,0.965,1.115,519
33,519,70000,7.959,2,10,1.115,1.026,514
34,514,150000,6.674,2,10,1.026,0.963,528
35,528,150000,4.367,2,10,0.963,0.898,456
23,257,6000,0.851,1,8,0.558,0.706,453
24,453,6000,1.64,1,8,0.706,0.732,90
22,113,2400,0.664,1,5,0.727,0.665,350
23,350,2500,0.703,1,5,0.665,0.743,116
26,247,5000,0.846,1,5,0.649,0.812,453
27,453,6000,4.387,1,5,0.812,0.643,393
28,393,12000,0.951,1,5,0.643,0.64,363
29,363,10000,0.6,1,5,0.64,0.656,260
30,260,13000,0.162,1,5,0.656,0.662,222
31,222,11000,0.875,1,5,0.662,0.533,5
32,5,10500,-0.011,1,5,0.533,0.685,139
33,139,15000,0.273,1,5,0.685,0.182,11
25,13,2400,0.051,2,9,0.584,0.589,34
26,34,2300,-0.184,2,9,0.589,0.117,25
27,25,2800,-0.445,2,9,0.117,0.781,181
28,181,2800,1.412,2,9,0.781,0.66,313
29,313,5300,0.651,2,9,0.66,0.767,344
30,344,4700,2.765,2,9,0.767,0.859,356
31,356,9000,3.616,2,9,0.859,0.688,353
32,353,17000,0.747,2,9,0.688,0.718,269
33,269,14000,0.82,2,9,0.718,0.811,386
34,386,13000,3.807,2,9,0.811,0.647,96
35,96,25000,0.236,2,9,0.647,0.654,80
36,80,25000,0.023,2,9,0.654,0.778,277
37,277,15000,1.448,2,9,0.778,0.636,73
19,62,2400,-0.806,2,8,0.348,0.693,414
20,414,2000,1.46,2,8,0.693,0.803,485
21,485,5500,5.174,2,8,0.803,0.699,439
22,439,11000,2.668,2,8,0.699,0.783,417
23,417,9000,4.232,2,8,0.783,0.713,169
24,169,15000,0.779,2,8,0.713,0.769,472
25,472,16000,3.837,2,8,0.769,0.828,421
26,421,20000,5.541,2,8,0.828,0.709,491
27,491,30000,4.5,2,8,0.709,0.742,390
28,390,34000,2.825,2,8,0.742,0.729,358
29,358,70000,0.089,2,8,0.729,0.851,493
30,493,70000,5.195,2,8,0.851,0.872,452
31,452,70000,3.972,2,8,0.872,0.65,179
32,179,90000,0.147,2,8,0.65,0.711,491
28,199,2400,2.092,2,10,0.914,0.641,188
29,188,35000,-0.259,2,10,0.641,1.024,435
30,435,20000,5.134,2,10,1.024,0.88,444
31,444,40000,3.631,2,10,0.88,0.838,242
32,242,40000,1.886,2,10,0.838,0.786,246
33,246,17000,1.718,2,10,0.786,0.844,252
19,74,2400,-0.061,1,5,0.564,0.589,138
20,138,2000,-0.37,1,5,0.589,0.773,296
21,296,2400,2.015,1,5,0.773,0.749,323
22,323,3500,1.707,1,5,0.749,0.907,481
23,481,4500,5.611,1,5,0.907,0.871,444
24,444,10500,4.946,1,5,0.871,0.826,421
25,421,16000,4.752,1,5,0.826,0.792,418
26,418,23000,3.901,1,5,0.792,0.844,434
27,434,21000,5.149,1,5,0.844,0.874,436
30,318,40000,5.537,1,5,0.968,0.79,140
31,140,49500,1.548,1,5,0.79,0.802,436
32,436,43500,3.346,1,5,0.802,0.857,350
33,350,45000,2.345,1,5,0.857,0.891,437
34,437,65000,2.778,1,5,0.891,0.953,484
35,484,65000,4.629,1,5,0.953,0.87,382
36,382,65000,2.592,1,5,0.87,0.848,332
37,332,65000,2.622,1,5,0.848,0.675,26
24,13,2800,0.091,1,2,0.814,0.459,41
22,6,2400,0.071,2,2,0.833,0.679,26
26,172,3000,0.114,2,2,0.639,0.752,201
27,201,6000,1.232,2,2,0.752,0.762,170
28,170,10000,1.322,2,2,0.762,0.735,441
25,132,2500,0.192,1,2,0.62,0.585,105
26,105,7500,0.163,1,2,0.585,0.768,150
29,7,7500,-0.175,1,2,0,0.746,42
25,102,3700,0.573,1,3,0.686,0.841,158
26,158,3700,0.242,1,3,0.841,0.466,67
27,67,3700,-0.613,1,3,0.466,0.514,24
28,24,5700,-0.251,1,3,0.514,0.62,41
23,19,2700,-0.117,2,5,0.295,0.64,23
19,8,2700,0.047,1,5,0.875,0,0
22,154,2500,0.373,1,5,0.635,0.747,228
23,228,4100,1.821,1,5,0.747,0.633,198
24,198,8000,0.31,1,5,0.633,0.757,404
25,404,20000,3.818,1,5,0.757,0.745,538
26,538,20000,1.27,1,5,0.745,0.674,369
27,369,30000,0.622,1,5,0.674,0.835,516
28,516,26500,4.054,1,5,0.835,0.721,475
21,5,3000,0.142,2,6,0.4,0.763,118
22,118,3000,1.218,2,6,0.763,0.677,297
23,297,5700,0.237,2,6,0.677,0.683,228
24,228,9500,0.865,2,6,0.683,0.609,276
22,58,2400,0.241,2,4,0.64,0.61,282
23,282,2500,0.229,2,4,0.61,0.556,209
24,209,4400,-0.78,2,4,0.556,0.668,384
25,384,5200,1.701,2,4,0.668,0.713,466
26,466,8500,3.546,2,4,0.713,0.689,188
27,188,14500,1.335,2,4,0.689,0.786,308
28,308,12500,2.886,2,4,0.786,0.855,359
29,359,17000,3.562,2,4,0.855,0.774,411
30,411,40000,2.348,2,4,0.774,0.714,416
31,416,55000,1.762,2,4,0.714,0.685,334
32,334,55000,0.314,2,4,0.685,0.832,473
33,473,55000,3.335,2,4,0.832,0.538,177
29,74,3500,0.274,1,4,0.572,0.129,15
30,15,4500,-0.328,1,4,0.129,0.512,27
23,66,2100,-0.478,2,3,0.533,0.45,60
24,60,2100,-0.583,2,3,0.45,0.643,100
25,100,2500,-0.008,2,3,0.643,0.589,212
26,212,2500,-0.465,2,3,0.589,0.885,117
27,117,5000,1.015,2,3,0.885,0.706,132
29,180,9500,0.953,2,3,0.981,1.003,380
30,380,9500,3.991,2,3,1.003,0.939,412
31,412,19800,3.886,2,3,0.939,0.912,401
32,401,30000,3.203,2,3,0.912,0.864,467
19,9,2400,-0.212,1,6,0,0.744,27
23,261,2600,1.385,1,6,0.648,0.695,180
24,180,4400,0.544,1,6,0.695,0.622,85
25,85,5400,0.361,1,6,0.622,0.49,109
26,109,5200,-0.315,1,6,0.49,0.536,177
27,177,5700,0.104,1,6,0.536,0.768,248
28,248,7000,1.997,1,6,0.768,0.674,341
29,341,11700,0.98,1,6,0.674,0.788,410
30,410,41000,3.604,1,6,0.788,0.829,416
31,416,41000,4.409,1,6,0.829,0.809,283
32,283,65000,2.739,1,6,0.809,0.87,402
33,402,65000,3.568,1,6,0.87,0.737,377
18,3,2400,-0.066,2,4,0,0,3
19,3,2000,-0.068,2,4,0,0.845,15
20,15,2000,0.144,2,4,0.845,0.091,10
24,210,2500,1.334,2,4,0.707,0.79,91
25,91,5000,0.711,2,4,0.79,0.751,189
26,189,5800,0.773,2,4,0.751,0.785,238
27,238,11000,0.877,2,4,0.785,0.727,160
28,160,11000,0.077,2,4,0.727,0.794,399
29,399,10000,2.854,2,4,0.794,0.979,519
30,519,20000,4.507,2,4,0.979,0.697,285
23,29,2700,-0.215,2,8,0.552,0.665,47
24,47,3600,0.491,2,8,0.665,0.683,183
21,0,2700,0.001,1,5,0,0.616,13
26,20,3000,0.096,3,9,0.68,0.798,151
27,151,3000,0.543,3,9,0.798,0.63,86
28,86,5000,-0.182,3,9,0.63,0.887,24
29,24,5000,0.167,3,9,0.887,0.55,35
19,231,2400,1.109,2,8,0.73,0.844,143
20,143,4000,1.487,2,8,0.844,0.733,414
21,414,5200,2.651,2,8,0.733,0.595,315
22,315,9000,0.661,2,8,0.595,0.719,228
23,228,10000,1.38,2,8,0.719,0.801,431
24,431,13700,3.647,2,8,0.801,0.752,491
25,491,28000,1.604,2,8,0.752,0.624,269
28,98,28000,1.504,2,8,0.898,0.685,441
23,54,2400,-0.275,2,7,0.566,0.44,39
26,85,2700,0.751,2,7,0.867,0.76,153
27,153,5000,0.589,2,7,0.76,1.035,492
28,492,5000,5.365,2,7,1.035,1.032,544
29,544,20000,7.369,2,7,1.032,1.062,527
30,527,47000,6.246,2,7,1.062,0.798,494
19,8,2400,0.149,1,10,1.1,0,3
20,3,2400,0.011,1,10,0,0,4
21,4,2400,-0.12,1,10,0,0.237,12
22,18,2800,-0.272,2,7,0.433,0.554,43
23,43,3000,-0.148,2,7,0.554,0.711,95
24,95,3200,0.011,2,7,0.711,0.719,60
21,19,1800,0.133,1,10,0.776,0.673,280
22,280,2000,1.564,1,10,0.673,0.719,315
23,315,2000,0.999,1,10,0.719,0.76,386
24,386,5500,1.378,1,10,0.76,0.679,169
25,169,8000,0.195,1,10,0.679,0.86,361
26,361,6200,1.877,1,10,0.86,0.939,424
27,424,10500,3.859,1,10,0.939,0.793,421
28,421,16200,2.314,1,10,0.793,0.665,248
29,248,17000,0.512,1,10,0.665,0.777,222
30,222,14500,1.132,1,10,0.777,0.918,371
31,371,40000,2.434,1,10,0.918,0.957,507
32,507,40000,2.869,1,10,0.957,0.852,325
33,325,40000,0.731,1,10,0.852,0.794,409
34,409,40000,0.855,1,10,0.794,0.705,153
22,353,2400,1.72,1,10,0.743,0.737,438
23,438,4000,2.963,1,10,0.737,0.693,408
24,408,7500,1.72,1,10,0.693,0.804,432
25,432,12000,4.179,1,10,0.804,0.753,241
26,241,18000,1.652,1,10,0.753,0.859,501
27,501,16000,6.174,1,10,0.859,0.722,394
28,394,28000,2.684,1,10,0.722,0.741,390
29,390,32000,3.655,1,10,0.741,0.735,231
30,231,31000,1.871,1,10,0.735,0.812,423
31,423,31000,2.379,1,10,0.812,0.968,426
32,426,27900,4.19,1,10,0.968,1.028,431
33,431,40000,5.154,1,10,1.028,0.779,474
34,474,40000,2.129,1,10,0.779,0.828,390
35,390,40000,2.713,1,10,0.828,0.818,469
36,469,40000,2.6,1,10,0.818,0.902,447
37,447,40000,3.315,1,10,0.902,0.734,301
38,301,40000,0.095,1,10,0.734,0.633,40
19,18,2700,-0.133,2,2,0.541,0.527,118
20,118,3000,-0.613,2,2,0.527,0.568,110
21,110,3500,-0.172,2,2,0.568,0.578,29
23,98,2400,0.013,1,2,0.541,0.741,174
24,174,3400,0.906,1,2,0.741,0.753,379
25,379,14000,1.679,1,2,0.753,0.72,411
26,411,14000,1.356,1,2,0.72,0.754,256
27,256,20000,1.148,1,2,0.754,0.729,117
28,117,18000,0.51,1,2,0.729,0.812,317
26,135,3000,0.87,1,2,0.669,0.539,268
27,268,6000,0.007,1,2,0.539,0.687,266
28,266,9000,0.793,1,2,0.687,0.679,361
29,361,21000,2.123,1,2,0.679,0.71,390
30,390,21000,1.182,1,2,0.71,0.579,302
31,302,26000,-0.188,1,2,0.579,0.839,178
32,178,21000,1.569,1,2,0.839,0.632,308
18,16,2700,-0.096,2,4,0.547,0.695,430
19,430,2900,1.301,2,4,0.695,0.691,348
20,14,2700,0.003,2,5,1.043,0.667,135
19,48,2400,0.048,1,6,0.694,0.851,511
20,511,16000,5.905,1,6,0.851,0.835,526
21,526,16000,3.842,1,6,0.835,0.889,526
22,526,22000,5.338,1,6,0.889,0.832,511
23,511,32000,4.395,1,6,0.832,0.88,540
23,433,2400,3.51,2,4,0.709,0.672,316
24,316,7700,1.718,2,4,0.672,0.985,543
25,543,9300,7.917,2,4,0.985,0.81,312
26,312,26000,1.533,2,4,0.81,0.847,560
27,560,26000,4.454,2,4,0.847,0.832,539
28,539,40000,3.804,2,4,0.832,0.825,141
29,141,38000,0.539,2,4,0.825,0.756,426
19,33,2400,-0.071,1,5,0.653,0.715,138
20,138,2400,0.166,1,5,0.715,0.492,78
21,78,3800,-0.33,1,5,0.492,0.077,12
25,8,3300,-0.104,1,5,0.25,0.633,26
26,26,3300,-0.079,1,5,0.633,0.896,186
27,186,3600,0.818,1,5,0.896,0.72,196
28,196,6000,0.208,1,5,0.72,0.654,372
21,77,3000,0.022,2,5,0.698,0.883,211
22,211,3500,1.779,2,5,0.883,0.597,308
21,12,2000,-0.055,2,9,0.558,0.4,5
22,5,2200,-0.093,2,9,0.4,0.65,4
26,100,2500,0.735,2,9,0.831,0.884,285
27,285,4000,1.988,2,9,0.884,0.765,521
28,521,18000,1.546,2,9,0.765,0.666,287
29,287,18000,-0.116,2,9,0.666,0.83,464
30,464,15000,3.09,2,9,0.83,0.781,447
31,447,25000,2.406,2,9,0.781,0.712,484
20,43,4000,-0.103,2,8,0.653,0.732,233
21,233,4000,0.764,2,8,0.732,0.664,42
22,42,6500,0.047,2,8,0.664,0.795,423
23,423,5000,2.133,2,8,0.795,0.619,379
27,223,2700,1.023,2,7,0.808,0.652,140
28,140,6600,-0.262,2,7,0.652,0.368,16
29,16,5500,-0.177,2,7,0.368,0.599,71
23,212,2400,1.497,1,10,0.737,0.63,57
24,57,3500,0.147,1,10,0.63,0.879,139
25,139,4000,1.442,1,10,0.879,0.842,419
26,419,4500,5.171,1,10,0.842,0.809,438
27,438,10500,4.423,1,10,0.809,0.868,372
28,372,13000,4.604,1,10,0.868,0.875,456
29,456,22500,5.292,1,10,0.875,0.861,337
30,337,27000,2.356,1,10,0.861,0.765,317
31,317,27000,1.641,1,10,0.765,0.744,345
32,345,70000,2.553,1,10,0.744,0.758,477
33,477,70000,3.456,1,10,0.758,0.912,441
34,441,70000,3.156,1,10,0.912,0.866,347
35,347,50000,1.845,1,10,0.866,0.811,398
36,398,50000,1.798,1,10,0.811,0.733,241
37,241,50000,-0.079,1,10,0.733,0.82,308
25,6,3000,0.086,1,7,0.666,0.476,17
26,17,3000,-0.177,1,7,0.476,0.735,228
27,228,3300,0.055,1,7,0.735,0.583,24
28,24,4500,-0.091,1,7,0.583,0.562,68
24,21,2700,-0.135,2,7,0.637,0.73,298
25,298,2900,0.61,2,7,0.73,0.657,222
31,86,2400,1.149,1,9,1.122,0.939,525
19,552,2700,3.288,2,7,0.812,0.889,459
20,459,11000,4.053,2,7,0.889,0.842,574
19,7,2700,-0.175,2,7,0.286,0.708,6
20,0,1800,-0.042,1,8,0,1,4
21,4,1800,0.064,1,8,1,0.494,25
22,25,2000,-0.127,1,8,0.494,0.545,40
23,40,2200,-0.18,1,8,0.545,0.714,145
24,145,2400,0.674,1,8,0.714,0.638,334
25,334,3400,1.176,1,8,0.638,0.743,258
26,258,7000,1.959,1,8,0.743,0.766,341
27,341,9500,1.338,1,8,0.766,0.818,401
28,401,12000,3.432,1,8,0.818,0.754,281
29,281,20000,1.896,1,8,0.754,0.676,427
30,427,19000,1.881,1,8,0.676,0.836,352
31,352,20000,3.347,1,8,0.836,0.863,430
32,430,30000,4.665,1,8,0.863,0.66,293
33,293,60000,1.99,1,8,0.66,0.808,366
34,366,60000,2.476,1,8,0.808,0.635,183
35,183,60000,0.059,1,8,0.635,0.906,235
36,235,60000,1.511,1,8,0.906,0.694,422
19,1,2400,0.011,2,9,0.667,0.425,8
20,8,2400,-0.036,2,9,0.425,0.25,8
25,197,2900,0.015,2,9,0.718,0.611,201
26,201,6200,-0.898,2,9,0.611,0.423,16
24,1,2400,0.004,2,7,0,0.381,12
25,12,3000,-0.229,2,7,0.381,0.779,207
26,207,3000,1.359,2,7,0.779,0.735,382
27,382,3000,1.18,2,7,0.735,0.814,515
28,515,13000,3.046,2,7,0.814,0.645,388
24,24,2400,0.146,1,7,0.721,0.719,340
25,340,2600,2.64,1,7,0.719,0.641,412
26,412,7000,2.42,1,7,0.641,0.774,393
29,16,16000,0.06,1,7,0.819,0.73,323
30,323,16000,0.881,1,7,0.73,0.81,218
31,218,15000,0.384,1,7,0.81,0.617,147
32,147,13000,-0.419,1,7,0.617,0.539,71
19,314,2400,0.339,1,10,0.657,0.688,239
20,239,3200,0.971,1,10,0.688,0.694,193
21,193,3200,0.42,1,10,0.694,0.497,78
25,242,4200,-0.223,1,10,0.605,0.719,233
26,233,5000,0.98,1,10,0.719,0.713,367
27,367,7200,1.148,1,10,0.713,0.726,261
28,261,12000,-0.126,1,10,0.726,0.934,259
29,259,12000,1.693,1,10,0.934,0.857,576
30,576,12000,1.791,1,10,0.857,0.863,349
31,349,30000,1.302,1,10,0.863,0.8,217
32,217,30000,0.169,1,10,0.8,0.789,380
25,12,2900,-0.258,2,7,0.143,0.822,407
26,407,7700,1.456,2,7,0.822,0.825,527
27,527,7700,1.878,2,7,0.825,0.811,426
28,426,12000,1.473,2,7,0.811,0.709,330
29,330,11000,-0.544,2,7,0.709,0.768,492
19,3,2400,-0.07,2,7,0,0.321,15
23,80,2700,-0.359,2,7,0.547,0.749,132
24,132,3300,0.283,2,7,0.749,0.558,12
25,12,4200,0.056,2,7,0.558,0.34,44
26,44,4200,-0.604,2,7,0.34,0,1
23,16,2400,-0.164,1,7,0.243,0.19,21
23,7,2400,-0.005,2,9,0.572,0.82,285
24,285,2400,1.844,2,9,0.82,0.75,143
27,18,6500,0.046,2,9,0.628,1.01,350
28,350,7000,3.998,2,9,1.01,0.968,486
29,486,15000,4.48,2,9,0.968,0.771,427
18,15,2400,-0.171,1,4,0.266,0.421,96
19,96,2400,-0.529,1,4,0.421,0.668,253
20,253,2400,1.493,1,4,0.668,0.653,248
21,248,2400,1.348,1,4,0.653,0.591,325
22,325,2400,1.125,1,4,0.591,0.648,302
23,302,2400,1.334,1,4,0.648,0.593,289
24,289,4850,0.416,1,4,0.593,0.653,323
25,323,5300,1.202,1,4,0.653,0.703,389
26,389,5500,1.482,1,4,0.703,0.636,382
27,382,8000,0.838,1,4,0.636,0.719,335
28,335,7600,1.63,1,4,0.719,0.695,488
29,488,11400,2.001,1,4,0.695,0.592,369
30,369,11400,-0.165,1,4,0.592,0.622,435
31,435,13000,0.708,1,4,0.622,0.68,440
32,440,13000,2.484,1,4,0.68,0.573,375
33,375,19000,0.771,1,4,0.573,0.694,395
35,357,20000,1.21,1,4,0.622,0.576,272
19,99,2400,-0.377,1,4,0.465,0.791,59
20,59,2600,0.47,1,4,0.791,0.66,174
21,174,3300,0.451,1,4,0.66,0.621,233
22,233,5300,0.289,1,4,0.621,0.625,284
23,284,5300,0.573,1,4,0.625,0.634,361
24,361,8700,1.186,1,4,0.634,0.804,382
25,382,12000,2.694,1,4,0.804,0.725,305
29,23,17000,-0.362,1,4,0.174,0.714,422
30,422,20000,0.835,1,4,0.714,0.697,246
31,246,20000,-0.139,1,4,0.697,1.119,57
32,57,20000,0.32,1,4,1.119,0.818,419
33,419,15000,1.647,1,4,0.818,0.767,362
34,362,30000,1.271,1,4,0.767,0.572,225
23,106,2400,0.452,2,4,0.776,0.834,222
24,222,4200,1.306,2,4,0.834,0.59,127
20,12,2900,-0.112,1,10,0.237,0,7
19,21,2400,-0.066,1,4,0.571,0,3
23,350,2800,1.782,1,4,0.795,0.693,117
24,117,7800,-0.584,1,4,0.693,0.286,37
18,0,2400,0,1,3,0,0,4
25,5,2400,-0.106,1,3,0,0.8,38
26,38,2700,0.193,1,3,0.8,0.271,26
27,26,2700,-0.703,1,3,0.271,0.942,199
28,199,4200,0.624,1,3,0.942,0.774,90
29,90,6200,-0.143,1,3,0.774,0.774,72
30,72,5600,0.059,1,3,0.774,0.519,22
18,85,2400,0.149,1,5,0.645,0.664,280
19,280,2400,0.389,1,5,0.664,0.774,408
20,408,3400,3.149,1,5,0.774,0.89,406
21,406,9000,5.401,1,5,0.89,0.854,339
22,339,15000,3.304,1,5,0.854,0.928,400
23,400,16000,5.067,1,5,0.928,0.928,403
24,403,22000,5.758,1,5,0.928,0.923,474
25,474,28000,7.289,1,5,0.923,0.98,434
26,434,52000,7.112,1,5,0.98,0.903,308
27,308,70000,3.386,1,5,0.903,0.943,275
28,275,100000,3.955,1,5,0.943,0.983,500
29,500,100000,5.495,1,5,0.983,1.111,430
30,430,120000,6.68,1,5,1.111,0.915,406
31,406,120000,3.804,1,5,0.915,0.918,503
32,359,30000,1.756,1,3,0.898,1.001,528
33,528,50000,5.362,1,3,1.001,0.878,504
25,44,2700,-0.416,1,10,0.523,0.691,60
26,60,3000,-0.109,1,10,0.691,0.364,11
27,11,3300,-0.157,1,10,0.364,0.519,22
21,2,2700,0.027,1,4,1,0.527,102
26,208,2000,-0.145,2,3,0.636,0.697,127
27,127,4000,0.254,2,3,0.697,0.858,446
28,446,5000,2.06,2,3,0.858,0.892,431
29,431,12500,3.942,2,3,0.892,0.71,453
30,453,20000,1.018,2,3,0.71,0.717,416
31,416,19500,1.433,2,3,0.717,0.895,363
32,363,20500,3.279,2,3,0.895,0.938,452
33,452,23500,3.402,2,3,0.938,0.83,438
34,438,40000,2.348,2,3,0.83,0.797,422
35,422,40000,1.811,2,3,0.797,0.794,305
36,305,40000,0.782,2,3,0.794,0.605,29
37,29,40000,-0.134,2,3,0.605,0.609,32
19,4,2700,-0.054,2,6,0,0.391,52
23,134,2400,0.522,1,2,0.656,0.686,142
24,142,3000,0.334,1,2,0.686,0.604,227
25,227,4000,0.221,1,2,0.604,0.696,186
26,186,5700,0.663,1,2,0.696,0.713,362
27,362,5500,2.166,1,2,0.713,0.738,428
28,428,10000,2.58,1,2,0.738,0.677,386
29,386,15000,1.855,1,2,0.677,0.653,201
30,201,14000,0.698,1,2,0.653,0.696,326
31,326,13000,2.151,1,2,0.696,0.764,419
32,419,25000,3.676,1,2,0.764,0.643,330
33,330,40000,1.173,1,2,0.643,0.707,266
34,266,40000,0.889,1,2,0.707,0.932,457
35,457,40000,5.961,1,2,0.932,0.773,390
36,390,50000,3.719,1,2,0.773,0.724,284
37,284,40000,2.238,1,2,0.724,0.606,207
38,207,40000,0.177,1,2,0.606,0.686,164
39,164,40000,0.356,1,2,0.686,0.679,276
40,276,40000,0.241,1,2,0.679,0.434,137
41,137,40000,-1.508,1,2,0.434,0.276,29
18,48,2400,0.246,1,2,0.639,0.878,108
19,108,2200,0.97,1,2,0.878,0.877,146
20,146,4000,1.299,1,2,0.877,0.868,32
21,32,5500,0.255,1,2,0.868,0.692,70
24,28,5000,0.534,1,2,0.96,0.725,226
25,226,5400,1.499,1,2,0.725,0.92,412
26,412,7500,3.945,1,2,0.92,0.79,489
27,489,28000,1.475,1,2,0.79,0.8,411
28,411,28000,1.912,1,2,0.8,0.668,314
29,314,35000,0.222,1,2,0.668,0.919,407
30,407,35000,4.134,1,2,0.919,0.717,451
20,18,2400,0.158,1,10,0.764,0.872,126
21,126,1800,0.819,1,10,0.872,0.855,422
22,422,2800,3.659,1,10,0.855,0.82,312
23,312,4000,1.425,1,10,0.82,0.728,190
24,190,4000,0.133,1,10,0.728,0.7,286
25,286,5000,-0.025,1,10,0.7,0.865,444
26,444,5000,3.276,1,10,0.865,0.953,473
27,473,8000,5.146,1,10,0.953,0.881,497
28,497,15000,3.919,1,10,0.881,0.867,354
31,351,25000,3.014,1,10,0.869,0.511,25
32,25,50000,-0.139,1,10,0.511,0.881,299
33,299,50000,1.533,1,10,0.881,0.79,194
34,194,50000,0.539,1,10,0.79,0.732,368
35,368,50000,0.79,1,10,0.732,0.895,426
36,426,25000,4.45,1,10,0.895,0.837,442
37,442,45000,2.404,1,10,0.837,0.852,424
38,424,45000,1.37,1,10,0.852,0.891,449
39,449,75000,1.872,1,10,0.891,0.902,399
40,399,75000,1.709,1,10,0.902,0.854,164
23,88,2400,-0.501,1,8,0.471,0.744,430
24,430,2400,4.211,1,8,0.744,0.879,341
25,341,6000,4.88,1,8,0.879,0.793,491
26,491,11000,4.567,1,8,0.793,0.92,480
27,480,17000,6.862,1,8,0.92,0.752,485
28,485,24000,3.048,1,8,0.752,0.804,326
29,326,31000,2.965,1,8,0.804,0.701,467
30,467,31000,2.926,1,8,0.701,0.776,407
31,407,55000,3.203,1,8,0.776,0.807,464
32,464,70000,3.605,1,8,0.807,0.869,468
33,468,70000,4.94,1,8,0.869,0.845,575
34,575,70000,4.317,1,8,0.845,0.863,391
35,391,70000,2.884,1,8,0.863,0.838,375
36,375,70000,1.273,1,8,0.838,0.688,277
20,361,2400,2.847,1,5,0.734,0.504,351
21,351,4000,-0.867,1,5,0.504,0.544,330
22,330,3600,-0.255,1,5,0.544,0.683,395
23,395,5000,0.975,1,5,0.683,0.836,420
24,420,5500,3.505,1,5,0.836,0.887,383
25,383,10500,3.981,1,5,0.887,0.675,401
26,401,16000,1.405,1,5,0.675,0.837,421
27,421,17000,4.089,1,5,0.837,0.81,434
28,434,28000,4.032,1,5,0.81,0.724,281
29,281,35000,1.894,1,5,0.724,0.812,382
30,382,45000,4.899,1,5,0.812,0.858,333
31,333,55000,4.42,1,5,0.858,0.678,332
33,223,60000,0.958,1,5,0.719,0.667,131
34,131,60000,0.604,1,5,0.667,0.771,282
35,282,25000,2.207,1,5,0.771,0.665,138
36,138,25000,0.618,1,5,0.665,0.687,276
37,276,20000,1.404,1,5,0.687,0.575,32
38,32,20000,0.027,1,5,0.575,0.706,133
23,76,2400,-0.777,1,6,0.304,0.696,156
24,156,3200,1.066,1,6,0.696,0.612,170
25,170,5000,0.763,1,6,0.612,0.595,67
29,16,5700,-0.423,1,6,0.301,0.438,32
30,32,5200,-0.343,1,6,0.438,0,0
31,0,4800,0.003,1,6,0,0.65,12
20,6,2400,-0.064,2,9,0.334,0,1
24,281,2000,-0.455,2,9,0.626,0.547,139
25,139,4500,-0.216,2,9,0.547,0.673,290
26,290,4000,1.22,2,9,0.673,0.689,283
27,283,7500,1.132,2,9,0.689,0.465,169
28,169,10500,-1.523,2,9,0.465,0.648,250
29,250,9000,0.285,2,9,0.648,0.582,296
30,296,11000,-0.04,2,9,0.582,0.588,62
31,62,11000,-0.177,2,9,0.588,0.664,332
32,332,9000,0.826,2,9,0.664,0.655,443
33,443,12000,0.168,2,9,0.655,0.669,245
34,245,30000,0.327,2,9,0.669,0.596,143
23,46,2000,-0.48,2,7,0.336,0.698,172
24,172,2200,0.544,2,7,0.698,0.79,312
25,312,3200,2.527,2,7,0.79,0.704,314
26,314,7000,1.406,2,7,0.704,0.838,515
27,515,10000,3.349,2,7,0.838,0.719,321
28,321,16000,0.778,2,7,0.719,0.716,301
29,301,17000,1.192,2,7,0.716,0.609,269
30,269,16000,-0.297,2,7,0.609,0.736,262
31,262,14000,1.059,2,7,0.736,0.613,63
32,63,16000,-0.098,2,7,0.613,0.735,250
33,250,20000,0.137,2,7,0.735,0.794,255
23,2,2400,-0.047,1,7,0,0.363,42
24,42,2000,-0.381,1,7,0.363,0.429,29
25,29,2000,-0.128,1,7,0.429,0.286,7
26,7,2700,-0.104,1,7,0.286,0.232,28
27,28,2800,-0.352,1,7,0.232,0.541,18
28,18,2800,0.011,1,7,0.541,0.795,370
29,370,3000,2.602,1,7,0.795,0.655,224
30,224,6600,-0.142,1,7,0.655,0.81,48
31,48,6600,0.372,1,7,0.81,0.937,219
32,219,5500,3.075,1,7,0.937,0.704,198
33,198,8500,1.063,1,7,0.704,0.628,41
25,172,2400,-0.246,2,7,0.628,0.713,229
26,229,5000,0.652,2,7,0.713,0.626,314
27,314,8500,0.11,2,7,0.626,0.502,81
28,81,10000,-0.402,2,7,0.502,0.797,277
29,277,7500,1.727,2,7,0.797,0.708,252
30,252,7500,0.019,2,7,0.708,0.614,180
31,180,13000,-0.409,2,7,0.614,0.623,82
32,82,10000,-0.251,2,7,0.623,0.593,83
26,143,2700,0.461,1,10,0.877,0.825,393
27,393,4700,1.526,1,10,0.825,0.765,421
28,421,11500,-0.123,1,10,0.765,0.603,195
23,45,2400,-0.288,1,4,0.469,0.5,1
24,1,2500,-0.06,1,4,0.5,0.778,85
25,85,2700,0.759,1,4,0.778,0.975,81
26,81,5000,1.231,1,4,0.975,0.578,142
22,23,2400,0.024,1,5,0.64,0.5,8
23,8,3000,-0.001,1,5,0.5,0.367,30
19,11,2400,-0.1,1,4,0.455,0.495,9
20,9,2400,-0.058,1,4,0.495,0.453,18
21,18,2600,-0.01,1,4,0.453,0.414,23
22,23,2800,-0.05,1,4,0.414,0.653,83
26,225,5000,-1.182,1,4,0.604,0,8
27,8,6000,-0.324,1,4,0,0.704,303
28,303,5000,1.037,1,4,0.704,0.6,376
27,194,2400,-0.22,2,3,0.603,0.725,301
28,301,5000,0.91,2,3,0.725,0.607,183
29,183,10000,-0.388,2,3,0.607,0.639,171
30,171,6000,-0.367,2,3,0.639,0.8,308
31,308,6000,1.979,2,3,0.8,0.673,164
32,164,12000,0.199,2,3,0.673,0.543,159
33,159,9000,-0.668,2,3,0.543,0.595,179
19,9,2400,-0.091,2,6,0.311,0.755,352
20,352,2400,2.717,2,6,0.755,0.594,156
21,156,10200,0.358,2,6,0.594,0.714,462
23,441,10200,3.91,2,6,0.746,0.767,397
24,397,15000,2.526,2,6,0.767,0.8,497
25,497,25000,6.573,2,6,0.8,0.881,393
26,393,25000,4.44,2,6,0.881,0.769,334
27,334,35000,2.74,2,6,0.769,0.75,533
28,533,29000,3.096,2,6,0.75,0.717,473
23,6,2400,0.057,1,5,0.929,0,6
24,6,2400,-0.13,1,5,0,0.418,88
25,88,2600,-0.538,1,5,0.418,0.237,12
29,12,3300,-0.08,1,5,0.166,0.38,21
30,21,3300,-0.169,1,5,0.38,0.666,3
31,3,4000,-0.069,1,5,0.666,0.527,53
32,53,4200,-0.292,1,5,0.527,0.303,59
27,5,2900,0.096,2,4,0.9,0,0
22,24,2400,0.062,1,5,0.69,0.338,36
28,181,2900,0.777,1,5,0.798,0.623,36
29,36,6800,0.016,1,5,0.623,0.222,9
19,1,2400,0.005,1,5,0,0.499,25
20,25,2100,-0.082,1,5,0.499,0.685,327
21,327,2300,0.857,1,5,0.685,0.566,180
22,180,2300,-0.08,1,5,0.566,0.623,314
23,314,5500,0.559,1,5,0.623,0.725,219
24,219,7500,1.572,1,5,0.725,0.801,458
25,458,8500,3.722,1,5,0.801,0.799,438
26,438,18000,2.525,1,5,0.799,0.822,445
27,445,22000,1.946,1,5,0.822,0.869,510
28,510,22000,3.654,1,5,0.869,0.781,472
29,472,37000,3.047,1,5,0.781,0.765,413
30,413,35000,1.722,1,5,0.765,0.694,361
22,29,3300,-0.359,1,5,0.552,0.629,10
26,159,6000,0.906,2,10,0.889,0.799,111
27,111,6000,0.481,2,10,0.799,0.602,13
28,13,5500,-0.015,2,10,0.602,0.77,69
29,69,3500,0.308,2,10,0.77,0.619,21
19,1,2400,0.006,3,5,0,0.422,9
20,9,2400,-0.052,3,5,0.422,0.573,55
21,55,2500,-0.105,3,5,0.573,0.5,4
22,4,3200,0.018,3,5,0.5,0,0
23,0,2700,0,3,5,0,0,4
24,4,2900,-0.077,3,5,0,0.534,16
28,14,2900,-0.031,3,5,0.762,0.352,44
27,47,5000,-0.65,2,4,0.493,0.503,11
19,10,3000,-0.048,1,4,0.533,0,1
19,62,4100,0.642,2,8,0.826,0.664,45
20,45,4100,0.106,2,8,0.664,0.735,219
21,219,5000,0.899,2,8,0.735,0.523,123
24,358,7000,-1.317,1,5,0.687,0.721,203
25,203,7000,0.422,1,5,0.721,0.757,445
26,445,9000,1.647,1,5,0.757,0.758,483
20,24,3000,-0.437,1,6,0.439,0.277,13
21,13,3000,-0.026,1,6,0.277,0,5
19,14,2400,-0.252,2,7,0.125,0,6
27,213,2700,1.021,2,7,0.796,0.693,130
28,130,5000,0.418,2,7,0.693,0.57,29
29,29,5100,-0.419,2,7,0.57,0.624,95
25,18,2700,0.045,2,8,0.678,0.584,23
24,14,2400,0.205,2,8,0.818,0.191,10
28,276,2800,0.689,2,8,0.778,0.737,232
29,232,9300,0.886,2,8,0.737,0.842,359
30,359,8000,2.104,2,8,0.842,0.752,546
23,375,2400,3.204,2,10,0.826,0.712,494
24,494,5000,1.75,2,10,0.712,0.828,393
25,393,7000,2.775,2,10,0.828,0.776,472
26,472,9000,3.548,2,10,0.776,0.823,476
27,476,15000,5.065,2,10,0.823,0.767,479
28,479,16000,3.23,2,10,0.767,0.648,334
29,334,18000,0.757,2,10,0.648,0.999,452
30,452,15000,5.794,2,10,0.999,0.802,370
31,370,31000,1.79,2,10,0.802,0.813,414
32,414,35000,2.351,2,10,0.813,0.813,499
33,499,35000,5.863,2,10,0.813,0.828,476
34,476,35000,4.952,2,10,0.828,0.891,464
35,464,35000,4.214,2,10,0.891,0.873,487
36,487,80000,2.235,2,10,0.873,0.87,509
37,509,80000,3.195,2,10,0.87,0.903,509
38,509,80000,3.699,2,10,0.903,0.828,524
39,524,80000,1.518,2,10,0.828,0.684,195
27,124,2700,-0.26,1,7,0.737,0.736,377
29,437,10500,3.234,1,7,0.844,0.8,419
24,159,2400,0.787,1,9,0.762,0.723,173
25,173,5500,0.124,1,9,0.723,0.809,403
26,403,5500,1.799,1,9,0.809,0.662,333
27,333,16000,-0.504,1,9,0.662,0.927,529
28,529,11000,3.899,1,9,0.927,0.794,469
20,2,2900,-0.001,1,8,1,0.478,43
19,1,2400,-0.019,1,2,0,1.4,5
20,5,2200,0.149,1,2,1.4,0.65,4
25,170,2600,-0.012,1,2,0.526,0.644,178
26,178,4100,0.594,1,2,0.644,0.717,186
27,186,5300,0.331,1,2,0.717,0.371,96
28,96,6000,-1.392,1,2,0.371,0,4
29,4,6000,-0.099,1,2,0,0.705,43
30,43,5500,0.215,1,2,0.705,0.539,190
31,190,5500,-0.48,1,2,0.539,0.679,40
19,81,2700,-0.517,1,2,0.409,0.605,107
23,374,2400,3.708,1,2,0.819,0.761,376
24,376,7200,3.493,1,2,0.761,0.748,359
25,359,12500,3.429,1,2,0.748,0.714,311
26,311,15500,2.179,1,2,0.714,0.84,296
27,296,20000,2.738,1,2,0.84,0.928,442
28,442,20000,5.879,1,2,0.928,0.973,332
29,332,42000,4.874,1,2,0.973,0.814,347
30,347,48000,3.162,1,2,0.814,1.012,439
31,439,60000,6.643,1,2,1.012,1.012,390
19,3,2400,0.016,1,2,0.666,0.557,108
20,108,2300,-0.234,1,2,0.557,0.571,51
21,51,3300,-0.001,1,2,0.571,0.528,47
22,47,4000,-0.007,1,2,0.528,0.48,149
23,149,3500,-0.329,1,2,0.48,0.554,277
24,277,5500,-0.086,1,2,0.554,0.603,294
25,294,8000,0.092,1,2,0.603,0.661,421
26,421,21000,0.253,1,2,0.661,0.578,340
27,340,21000,-0.404,1,2,0.578,0.676,362
20,21,3000,-0.099,1,2,0.606,0.8,15
21,15,3000,0.072,1,2,0.8,0.596,63
22,63,3000,-0.201,1,2,0.596,0.436,25
20,41,2600,0.229,2,4,0.633,0.791,416
21,416,2600,4.043,2,4,0.791,0.803,520
22,520,19000,5.318,2,4,0.803,0.848,435
23,435,19000,4.013,2,4,0.848,0.913,388
24,388,25000,4.471,2,4,0.913,0.821,411
25,411,32000,2.725,2,4,0.821,0.837,468
20,0,2700,-0.012,1,6,0,0.597,142
21,142,2700,0.045,1,6,0.597,0.677,141
20,3,3000,-0.079,2,7,0,1,2
23,31,3000,-0.028,2,7,0.864,0.685,374
20,1,2000,0.111,1,5,4,0.473,106
21,106,2200,-0.395,1,5,0.473,0.625,53
22,53,2400,0.076,1,5,0.625,0.519,203
23,203,2500,-0.268,1,5,0.519,0.1,9
27,109,2700,0.195,1,5,0.65,0.531,104
28,104,3000,-0.097,1,5,0.531,0.632,309
29,309,3000,0.526,1,5,0.632,0.802,212
30,212,6000,1.408,1,5,0.802,0.711,415
31,415,14000,-0.292,1,5,0.711,0.614,351
32,351,14000,-0.942,1,5,0.614,0.684,268
33,268,14900,0.445,1,5,0.684,0.472,94
34,94,15000,-0.867,1,5,0.472,0.628,149
23,130,2400,-0.444,1,3,0.572,0.719,114
24,114,3500,0.019,1,3,0.719,0.513,60
27,32,4200,0.063,1,3,0.7,0.782,395
28,395,4200,3.22,1,3,0.782,0.733,419
29,419,8600,1.255,1,3,0.733,0.779,214
30,214,12500,0.436,1,3,0.779,0.874,133
31,133,12500,1.074,1,3,0.874,0.846,474
32,474,11700,2.207,1,3,0.846,0.826,287
33,287,18500,0.57,1,3,0.826,0.824,341
19,29,2400,-0.203,1,5,0.429,0.542,81
23,416,3200,4.326,1,5,0.835,1.002,295
24,295,8000,4.163,1,5,1.002,0.92,356
25,356,10500,4.903,1,5,0.92,0.816,457
26,457,13500,4.648,1,5,0.816,0.957,443
27,443,18000,7.889,1,5,0.957,0.94,396
28,396,28000,5.849,1,5,0.94,1.02,356
29,356,37000,4.275,1,5,1.02,0.992,448
30,448,37000,6.039,1,5,0.992,0.982,427
31,427,75000,3.854,1,5,0.982,0.792,319
32,319,75000,1.663,1,5,0.792,0.816,318
33,318,75000,0.986,1,5,0.816,0.871,360
18,15,2700,-0.235,2,10,0.321,0.25,8
24,327,2400,0.27,2,6,0.603,0.563,16
25,16,4800,-0.054,2,6,0.563,0.254,38
28,7,4300,0.144,2,6,0.715,0.768,420
29,420,4300,1.646,2,6,0.768,0.78,348
19,1,2700,0.003,2,9,0,0.958,8
20,4,2400,-0.02,1,8,0.5,0.617,23
21,23,2500,0.108,1,8,0.617,0.696,182
22,182,5500,0.945,1,8,0.696,0.801,306
23,306,5500,1.378,1,8,0.801,0.705,308
24,308,10000,0.914,1,8,0.705,0.753,323
25,323,10500,2.149,1,8,0.753,0.689,287
23,349,2400,0.229,1,9,0.672,0.806,221
26,41,5100,0.05,1,9,0.703,0.829,472
27,472,6800,3.488,1,9,0.829,0.766,343
28,343,13000,1.033,1,9,0.766,0.714,348
24,27,2700,0.215,1,7,0.925,0.553,68
25,68,3000,-0.325,1,7,0.553,0.669,97
25,477,7500,6.383,2,8,0.997,0.926,564
26,564,30000,5.739,2,8,0.926,0.885,572
27,572,30000,4.857,2,8,0.885,0.999,498
28,498,35000,6.648,2,8,0.999,0.899,556
29,556,43000,5.429,2,8,0.899,1.088,93
25,22,2700,-0.05,1,8,0.804,0.333,9
24,38,2500,-0.12,1,3,0.556,0.73,18
22,5,2400,-0.121,2,9,0,1.1,4
23,4,2400,0.153,2,9,1.1,0.597,44
24,44,3000,0.211,2,9,0.597,0.724,253
25,253,3000,1.196,2,9,0.724,0.613,124
23,6,2700,-0.088,2,5,0.453,0.532,47
24,47,2700,-0.233,2,5,0.532,0.671,35
23,13,2700,-0.122,2,7,0.308,0.398,24
24,24,3000,-0.23,2,7,0.398,0.488,41
19,98,2000,0.387,1,2,0.675,0.476,100
20,100,3300,-0.351,1,2,0.476,0.614,62
24,84,5500,0.479,1,2,0.721,0.771,433
27,294,5000,-0.003,1,2,0.685,0.725,356
28,356,7300,0.491,1,2,0.725,0.666,365
24,39,2400,-0.112,1,2,0.412,0.51,65
25,65,3400,-0.081,1,2,0.51,0,0
30,8,3000,-0.046,1,2,0.583,0.592,36
20,142,3500,-1.107,1,6,0.42,0.59,236
21,236,3500,-0.017,1,6,0.59,0.709,286
22,286,5000,0.565,1,6,0.709,0.675,367
23,367,6300,0.15,1,6,0.675,0.668,391
19,2,2700,-0.044,1,6,0,0.347,16
19,172,2400,0.43,1,4,0.723,0.736,328
20,328,3200,2.121,1,4,0.736,0.555,105
21,105,5000,-0.105,1,4,0.555,0.588,329
22,329,4200,0.922,1,4,0.588,0.669,248
23,248,5000,1.276,1,4,0.669,0.69,367
24,367,6000,1.252,1,4,0.69,0.749,269
25,269,7000,1.425,1,4,0.749,0.771,231
26,231,7200,1.932,1,4,0.771,0.644,317
30,162,9000,0.088,1,4,0.659,0.906,440
31,440,23000,5.528,1,4,0.906,0.934,402
32,402,23000,4.453,1,4,0.934,0.782,442
33,442,23000,1.511,1,4,0.782,0.826,458
34,458,23000,2.551,1,4,0.826,0.712,420
22,3,2400,-0.169,1,6,0,0,2
23,2,2700,-0.039,1,6,0,0.504,23
26,4,2700,-0.032,1,6,0.5,0.614,88
22,48,3700,0.028,2,4,0.537,0.334,12
25,4,3700,-0.106,2,4,0,0.204,14
20,160,2000,0.854,1,5,0.698,0.567,306
21,306,2800,0.144,1,5,0.567,0.802,536
22,536,4000,3.497,1,5,0.802,0.653,306
23,306,4000,0.728,1,5,0.653,0.805,398
24,398,10000,3.764,1,5,0.805,0.681,448
25,448,15000,2.614,1,5,0.681,0.739,489
26,489,18000,3.037,1,5,0.739,0.863,486
27,486,19000,3.943,1,5,0.863,0.871,534
28,534,50000,4.692,1,5,0.871,0.964,498
31,530,120000,3.217,1,5,0.884,0.826,447
20,2,2400,-0.041,2,3,0,0.486,25
24,87,2700,0.511,2,3,0.802,0.595,158
25,158,3500,-0.24,2,3,0.595,0.77,65
26,65,4500,0.381,2,3,0.77,0.61,222
24,80,3600,-0.289,1,3,0.505,0.578,80
23,45,2400,0.024,1,10,0.698,0.728,327
24,327,2400,0.455,1,10,0.728,0.708,123
25,123,2400,-0.071,1,10,0.708,0.757,374
26,374,2400,0.544,1,10,0.757,0.731,342
27,342,8300,0.161,1,10,0.731,0.604,164
28,85,3500,-0.972,2,8,0.445,0.25,8
29,8,3500,-0.168,2,8,0.25,0.762,39
30,39,3000,0.219,2,8,0.762,0.407,21
31,21,3300,-0.333,2,8,0.407,0.645,30
27,27,3000,-0.387,1,9,0.327,0.737,53
20,65,3500,-0.923,1,10,0.273,0.595,50
23,5,3500,-0.045,1,10,0.4,0.677,36
19,527,2700,1.437,2,9,0.88,0.914,437
24,26,2000,0.022,1,10,0.596,0.677,246
25,246,2100,0.701,1,10,0.677,0.642,197
29,481,3500,1.921,1,10,0.758,0.734,447
30,447,8800,2.219,1,10,0.734,0.628,246
31,246,12500,0.223,1,10,0.628,0.744,298
32,298,11500,1.289,1,10,0.744,0.925,405
33,405,11500,3.054,1,10,0.925,1.009,520
34,520,11500,6.157,1,10,1.009,0.897,408
35,408,60000,3.44,1,10,0.897,0.806,445
37,428,60000,2.836,1,10,0.939,0.826,501
25,8,2400,0.086,2,7,1.069,0.2,10
26,10,2900,-0.308,2,7,0.2,0.6,5
27,5,3000,0.098,2,7,0.6,0,2
20,1,2900,-0.026,1,2,0,0.334,6
21,3,2700,-0.019,2,4,0,0,2
20,6,2700,-0.074,2,7,0,0.564,13
19,5,2400,-0.126,1,2,0,0.608,214
20,214,2000,0.207,1,2,0.608,0.673,410
21,410,3500,2.629,1,2,0.673,0.756,413
22,413,8000,3.316,1,2,0.756,0.85,435
23,435,10000,5.372,1,2,0.85,0.758,262
24,262,14500,1.796,1,2,0.758,0.9,410
25,410,13500,5.04,1,2,0.9,0.846,450
26,450,20000,5.385,1,2,0.846,0.823,400
27,400,30000,4.996,1,2,0.823,0.742,327
28,327,55000,3.092,1,2,0.742,0.767,310
29,310,100000,1.684,1,2,0.767,1.06,380
30,380,100000,5.154,1,2,1.06,0.982,381
32,456,100000,3.383,1,2,0.843,0.788,427
33,427,100000,1.992,1,2,0.788,0.72,346
23,10,2400,0.029,1,2,0.533,1.666,3
27,1,3000,-0.024,1,2,0,0.539,13
25,3,2300,-0.062,1,3,0,0.576,178
27,26,4250,-0.064,1,3,0.608,0.618,113
28,113,4400,0.003,1,3,0.618,0.621,146
29,146,5500,0.338,1,3,0.621,0.701,351
30,351,6800,1.392,1,3,0.701,0.725,341
31,341,6800,0.983,1,3,0.725,0.59,244
32,244,12000,-0.935,1,3,0.59,0.797,354
33,354,12000,2.17,1,3,0.797,0.703,294
34,294,20000,1.249,1,3,0.703,0.603,265
35,265,18000,-0.816,1,3,0.603,0.532,31
23,6,2800,-0.24,1,4,0.334,0.492,32
23,4,2700,-0.087,1,5,0.5,0.329,17
24,79,2400,-0.171,1,5,0.573,0.25,8
25,8,3300,-0.126,1,5,0.25,0.286,7
26,7,3500,-0.111,1,5,0.286,0,1
29,20,3000,0.111,1,5,0.788,0.785,126
30,126,3300,0.334,1,5,0.785,0.674,251
28,31,2700,-0.18,2,3,0.604,0.529,42
24,1,2400,0.014,2,9,0.5,1,8
25,8,2600,0.166,2,9,1,0.565,89
29,73,5000,-0.323,2,9,0.624,0.636,32
23,12,2400,-0.205,1,7,0.166,0.278,18
24,18,2500,-0.226,1,7,0.278,0,3
25,3,2500,-0.073,1,7,0,0.782,123
29,356,5000,0.281,1,7,0.719,0.798,513
30,513,8500,1.691,1,7,0.798,0.748,411
25,5,2800,-0.033,2,9,0.4,0.504,16
26,16,3000,-0.139,2,9,0.504,0.465,28
23,0,2400,0,2,8,0,0.749,310
24,310,2400,1.628,2,8,0.749,0.724,525
25,525,15000,4.972,2,8,0.724,0.767,564
27,570,23000,3.128,2,8,0.731,0.792,576
28,576,29000,3.502,2,8,0.792,0.646,506
24,42,3500,-0.58,2,7,0.357,0.302,26
24,3,2700,0.047,2,7,0.666,0.626,51
22,410,8000,5.27,2,9,0.951,0.967,428
23,428,8000,4.193,2,9,0.967,0.91,564
25,478,25000,3.907,2,9,0.925,0.771,475
23,208,2400,-0.362,1,4,0.621,0.508,264
24,264,6000,-0.945,1,4,0.508,0.643,298
25,298,6000,-0.058,1,4,0.643,0.684,412
26,412,9000,1.597,1,4,0.684,0.612,193
24,1,2700,0.068,1,2,2,0.702,99
25,99,3000,0.191,1,2,0.702,0,8
18,12,2700,-0.048,2,8,0.547,0,2
24,10,2700,-0.338,2,4,0.7,0.5,8
23,281,2000,1.226,1,2,0.616,0.662,253
24,253,3200,1.217,1,2,0.662,0.573,156
25,156,3200,-0.168,1,2,0.573,0.734,297
26,297,5000,2.002,1,2,0.734,0.826,314
27,314,7000,2.977,1,2,0.826,0.812,462
28,462,9500,4.592,1,2,0.812,0.846,435
29,435,20000,4.748,1,2,0.846,0.831,439
30,439,24000,4.531,1,2,0.831,0.754,347
31,347,24000,2.961,1,2,0.754,0.742,358
32,358,30000,3.189,1,2,0.742,0.664,362
33,362,50000,2.245,1,2,0.664,0.775,272
34,272,50000,2.438,1,2,0.775,0.652,142
35,142,50000,0.381,1,2,0.652,0.784,259
36,259,35000,2.259,1,2,0.784,0.759,286
37,286,35000,2.565,1,2,0.759,0.773,313
38,313,40000,3.102,1,2,0.773,0.75,181
39,181,40000,1.337,1,2,0.75,0.824,17
40,17,25000,0.051,1,2,0.824,0.841,68
27,10,2400,-0.049,1,2,0.5,0,2
23,91,2500,0.134,1,2,0.556,0.758,89
24,89,3500,0.759,1,2,0.758,0.599,112
25,112,5000,0.022,1,2,0.599,0.416,99
26,99,6800,-0.709,1,2,0.416,0.495,18
27,18,6800,-0.082,1,2,0.495,0.645,269
28,269,6800,0.433,1,2,0.645,0.666,298
29,298,8000,0.836,1,2,0.666,0.76,373
21,12,2700,-0.059,1,2,0.583,0,0
24,207,2800,0.491,1,2,0.731,0.649,104
18,127,2400,-0.402,2,6,0.433,0.182,11
21,10,3200,0.262,2,6,0.664,0.733,405
22,405,3200,-0.599,2,6,0.733,0.768,432
23,432,9000,1.883,2,6,0.768,0.664,484
24,484,12000,0.805,2,6,0.664,0.631,19
19,30,2400,-0.265,1,6,0.328,0.659,175
20,175,2500,0.043,1,6,0.659,0.469,221
21,221,3000,-0.957,1,6,0.469,0.499,107
22,107,3300,-0.343,1,6,0.499,0.662,399
23,399,3800,1.686,1,6,0.662,0.616,256
27,43,8000,-0.092,1,6,0.443,0.773,184
28,184,7600,0.719,1,6,0.773,0.568,133
29,133,8600,-0.57,1,6,0.568,0.595,392
23,20,2400,0.31,1,5,1,0.451,39
24,39,2400,-0.202,1,5,0.451,0.804,140
25,140,2900,0.89,1,5,0.804,0.693,417
26,417,4000,1.149,1,5,0.693,0.685,263
31,389,7000,1.694,1,5,0.825,0.597,37
32,37,10000,0.121,1,5,0.597,0.874,449
33,449,10000,3.415,1,5,0.874,0.832,437
34,437,20000,2.998,1,5,0.832,0.805,434
35,434,24000,1.579,1,5,0.805,0.651,454
20,21,2700,-0.52,1,5,0.281,0.507,26
21,26,3000,-0.148,1,5,0.507,1,4
22,86,2400,0.053,2,6,0.686,0.673,311
24,101,6500,-0.943,2,6,0.489,0.552,84
25,84,6200,-0.441,2,6,0.552,0.774,245
26,245,5800,1.75,2,6,0.774,0.615,113
24,28,2400,-0.144,1,3,0.464,0.105,17
25,17,2400,-0.307,1,3,0.105,0.586,49
29,140,3400,0.331,1,3,0.757,0.805,225
30,225,5500,1.676,1,3,0.805,0.612,45
31,45,5500,-0.117,1,3,0.612,0.731,85
32,85,5500,0.145,1,3,0.731,0.823,85
33,85,5800,0.462,1,3,0.823,0.658,104
24,6,2800,-0.202,2,3,0,0.477,42
18,201,2700,-0.021,2,4,0.687,0.691,564
20,1,2000,0.007,3,9,0,0.823,187
21,187,2000,2.494,3,9,0.823,0.65,120
22,120,3200,0.114,3,9,0.65,0.654,141
23,141,3000,0.148,3,9,0.654,0.61,216
24,216,3000,0.206,3,9,0.61,0.719,69
25,69,4200,0.077,3,9,0.719,0.847,419
26,419,3600,2.842,3,9,0.847,0.718,221
27,221,8500,0.793,3,9,0.718,0.643,265
28,265,8500,0.419,3,9,0.643,0.796,284
29,284,7200,1.535,3,9,0.796,0.802,256
30,256,11000,0.381,3,9,0.802,0.758,232
31,232,11000,0.578,3,9,0.758,0.855,198
33,280,23000,1.819,3,9,0.96,0.9,485
34,485,25000,1.529,3,9,0.9,0.807,414
23,214,3700,0.759,1,5,0.531,0.5,8
23,102,2400,0.144,1,9,0.664,0.618,69
24,69,2400,-0.015,1,9,0.618,0.671,90
25,90,2400,0.071,1,9,0.671,0.51,55
28,9,2200,-0.041,1,9,0.384,0.556,18
19,20,2400,0.057,1,9,0.783,0.616,64
20,64,2700,-0.103,1,9,0.616,0.688,114
21,114,4200,-0.248,1,9,0.688,0.582,76
19,209,2400,0.113,1,7,0.677,0,1
23,4,2700,-0.086,1,7,0,0.672,55
24,55,2500,-0.003,1,7,0.672,0.854,464
25,464,3000,3.11,1,7,0.854,0.818,434
26,434,10000,3.349,1,7,0.818,0.804,395
27,395,15000,3.445,1,7,0.804,0.826,367
29,299,17000,0.12,1,7,0.752,0.915,333
30,333,18500,2.457,1,7,0.915,0.834,70
31,70,18500,0.242,1,7,0.834,0.914,258
32,258,17000,1.809,1,7,0.914,0.695,136
33,136,19000,-0.256,1,7,0.695,0.731,117
23,87,2400,0.288,2,7,0.55,0,2
27,384,2800,0.271,2,7,0.701,0.735,358
28,358,8000,0.225,2,7,0.735,0.66,209
29,209,10000,0.353,2,7,0.66,0.445,119
29,529,40000,4.823,2,9,0.942,0.8,476
25,94,2400,0.233,1,7,0.704,0.681,116
26,116,4000,0.63,1,7,0.681,0.523,45
29,97,3200,-0.151,1,7,0.625,0.671,125
25,42,2800,-0.1,2,8,0.669,0.666,315
22,12,2400,-0.15,1,7,0.2,0.553,36
26,84,2800,-0.407,1,7,0.546,0.834,31
27,31,4000,0.092,1,7,0.834,1.04,18
28,18,4000,0.248,1,7,1.04,0.947,101
29,101,4200,0.897,1,7,0.947,0.728,152
30,152,5000,-0.414,1,7,0.728,0.556,44
20,14,2700,-0.083,2,9,0.5,0.143,6
24,106,2400,-0.74,1,4,0.593,0.129,15
26,20,3500,0.018,2,9,0.457,0.705,347
27,347,3500,1.683,2,9,0.705,0.76,466
28,466,5500,3.285,2,9,0.76,0.737,443
29,443,10000,2.466,2,9,0.737,0.737,438
30,438,11500,1.865,2,9,0.737,0.668,367
31,367,13500,0.749,2,9,0.668,0.635,393
32,393,13500,0.705,2,9,0.635,0.552,43
33,43,13500,-0.14,2,9,0.552,0.385,40
34,40,9450,-0.391,2,9,0.385,0.813,506
35,506,7000,4.546,2,9,0.813,0.667,309
36,309,15000,0.514,2,9,0.667,0.763,518
37,518,15000,3.767,2,9,0.763,0.665,257
38,257,20000,0.661,2,9,0.665,0.569,52
24,161,2400,1.633,2,9,0.855,0.6,250
25,250,3400,0.201,2,9,0.6,0.621,370
26,370,4500,0.775,2,9,0.621,0.657,394
27,394,8000,1.34,2,9,0.657,0.545,87
31,195,6000,0.656,2,9,0.663,0.712,281
32,281,7000,1.18,2,9,0.712,0.677,312
33,312,8000,0.447,2,9,0.677,0.593,187
34,187,10000,-0.282,2,9,0.593,0.483,59
19,94,2400,0.155,2,9,0.732,0.709,274
20,274,2500,1.401,2,9,0.709,0.693,329
21,329,4300,0.443,2,9,0.693,0.66,189
22,189,6500,0.144,2,9,0.66,0.723,188
23,188,5000,0.544,2,9,0.723,0.498,100
26,20,3800,-0.183,2,9,0.4,1,2
27,2,3300,0.029,2,9,1,0.669,158
28,158,3300,0.63,2,9,0.669,0.641,173
29,173,3500,0.515,2,9,0.641,0.694,268
30,268,4000,1.731,2,9,0.694,0.719,214
31,214,5000,1.087,2,9,0.719,0.864,300
32,300,5800,0.939,2,9,0.864,0.939,377
33,377,20000,2.671,2,9,0.939,0.753,182
34,182,20000,0.084,2,9,0.753,0.788,105
22,16,2100,-0.137,2,7,0.423,1,4
19,9,2400,-0.084,1,2,0.222,0.2,10
24,93,2500,0.303,1,2,0.692,0.582,37
25,37,3000,0.012,1,2,0.582,0.691,72
26,72,3100,0.466,1,2,0.691,0.472,41
27,41,3500,-0.007,1,2,0.472,0.523,64
28,64,3500,-0.078,1,2,0.523,0,2
29,2,3500,-0.048,1,2,0,0.718,24
30,24,4000,-0.008,1,2,0.718,0,2
23,63,2400,-0.369,1,4,0.412,0.52,36
24,36,2470,0.048,1,4,0.52,0,4
25,4,3200,-0.087,1,4,0,0,1
29,51,2700,-0.127,1,4,0.516,0.594,52
30,52,3000,0.253,1,4,0.594,0,0
25,31,2400,-0.468,2,7,0.311,0.405,22
26,22,2900,-0.09,2,7,0.405,0.507,140
27,140,4000,-0.999,2,7,0.507,0.266,47
21,0,2400,0,1,4,0,0,1
22,1,1800,-0.048,1,4,0,0.402,103
23,103,2100,-1.14,1,4,0.402,0.576,59
24,59,2900,-0.004,1,4,0.576,0.658,387
26,310,4500,1.295,1,4,0.656,0.725,213
27,213,9500,1.434,1,4,0.725,0.669,61
28,61,8700,0.113,1,4,0.669,0.618,375
29,375,8000,0.461,1,4,0.618,0.786,366
30,366,9000,3.098,1,4,0.786,0.722,376
31,376,14000,2.807,1,4,0.722,0.686,390
32,390,14000,1.993,1,4,0.686,0.41,25
33,25,14000,0.009,1,4,0.41,0.714,72
34,72,35000,0.154,1,4,0.714,0.133,12
35,12,35000,-0.233,1,4,0.133,0.693,105
36,105,35000,0.347,1,4,0.693,0.6,5
19,1,2400,0.005,1,4,0,0,3
20,3,2400,-0.008,1,4,0,0.296,27
25,23,2400,0.062,1,4,0.53,0.393,19
26,19,2400,-0.212,1,4,0.393,0.464,41
27,41,2400,-0.034,1,4,0.464,0.492,165
28,165,2400,-0.443,1,4,0.492,0.669,105
29,105,4300,-0.105,1,4,0.669,0.621,64
22,1,2400,0.005,1,7,0,0.091,10
23,10,1800,-0.188,1,7,0.091,1.227,11
28,21,2300,-0.327,1,7,0.269,0.548,44
29,44,2300,-0.021,1,7,0.548,0.713,147
30,147,2700,0.626,1,7,0.713,0.561,49
31,49,3700,-0.017,1,7,0.561,0.791,185
32,185,3700,1.166,1,7,0.791,0.63,125
35,52,5400,-0.104,1,7,0.718,0.511,44
23,7,2400,-0.076,1,6,0.286,0.56,173
24,173,2400,0.022,1,6,0.56,0.691,199
25,199,3200,0.509,1,6,0.691,0.553,14
26,14,3500,-0.028,1,6,0.553,0.589,320
27,320,3000,0.076,1,6,0.589,0.626,182
28,182,5000,0.473,1,6,0.626,0.09,22
31,5,3600,-0.117,1,6,0.167,0.631,72
26,13,2400,0.26,2,10,1.154,0.73,123
27,123,3000,0.517,2,10,0.73,0.763,122
29,100,3600,-0.364,2,10,0.66,0.643,29
30,29,6200,-0.176,2,10,0.643,0,2
23,119,2400,0.008,1,2,0.51,0.536,38
24,38,3000,-0.09,1,2,0.536,0.459,136
25,136,3000,-0.436,1,2,0.459,0.578,123
24,5,3700,-0.082,1,4,0,0.569,63
25,63,3500,-0.117,1,4,0.569,0.6,10
26,10,3800,-0.091,1,4,0.6,0,2
27,2,3300,-0.08,1,4,0,0,2
28,2,3300,-0.137,1,4,0,0.65,36
26,4,2400,-0.107,2,9,0,0.471,25
27,25,2400,-0.108,2,9,0.471,0.715,435
28,435,2400,2.4,2,9,0.715,0.603,265
29,265,2400,0.078,2,9,0.603,0.665,414
30,414,2400,1.582,2,9,0.665,0.621,360
31,360,2400,-0.122,2,9,0.621,0.529,70
32,70,12500,-0.365,2,9,0.529,0.516,53
33,53,12500,-0.127,2,9,0.516,0.592,205
34,205,10000,-1.154,2,9,0.592,0.629,299
24,156,2500,0.114,3,4,0.638,0.619,69
25,69,3200,0.181,3,4,0.619,0.2,4
26,4,3700,-0.044,3,4,0.2,0.615,33
27,33,3500,0.059,3,4,0.615,0.2,10
28,10,3700,-0.14,3,4,0.2,0,2
23,21,2400,0.028,1,3,0.536,0.675,18
27,41,2400,-0.305,1,3,0.421,0.421,13
28,13,3000,-0.082,1,3,0.421,0.671,106
29,106,2800,0.571,1,3,0.671,0.67,62
30,62,2900,0.176,1,3,0.67,0.571,107
33,353,3700,3.043,1,3,0.821,0.693,248
34,248,7000,0.489,1,3,0.693,0.6,2
24,7,2400,-0.112,1,9,0.125,0.477,55
25,55,2200,-0.288,1,9,0.477,0.692,202
29,356,5000,2.116,1,9,0.733,0.662,102
30,102,8000,-0.395,1,9,0.662,0.777,116
31,116,9500,0.48,1,9,0.777,0,8
32,8,9500,-0.241,1,9,0,0,12
24,8,2000,0.01,1,2,0.583,0.569,27
25,27,2200,0.078,1,2,0.569,0.427,37
26,37,3000,-0.095,1,2,0.427,0.641,264
27,264,3000,1.028,1,2,0.641,0.675,102
28,102,6000,0.383,1,2,0.675,0.809,198
29,198,7500,2.157,1,2,0.809,0.689,304
30,304,8500,2.01,1,2,0.689,0.633,207
31,207,12000,1.117,1,2,0.633,0.664,215
32,215,10000,1.221,1,2,0.664,0.54,185
33,185,8000,-0.452,1,2,0.54,0.414,23
34,23,8000,-0.12,1,2,0.414,0.597,276
35,276,15000,-0.773,1,2,0.597,0.596,92
26,4,2200,-0.047,1,2,0.2,0.758,26
27,26,2400,0.199,1,2,0.758,0.691,57
28,57,2800,0.447,1,2,0.691,0.586,20
29,20,3100,0.01,1,2,0.586,0.576,100
30,100,3100,0.16,1,2,0.576,0.642,214
31,214,4200,0.407,1,2,0.642,0.587,44
32,44,5700,0.048,1,2,0.587,0.406,33
33,33,5100,-0.182,1,2,0.406,0.747,46
34,46,5300,0.484,1,2,0.747,0.259,14
23,10,2400,-0.077,1,8,0.4,0,4
27,52,2200,0.015,1,8,0.545,0,1
28,1,2500,-0.023,1,8,0,0.614,371
29,371,2500,0.41,1,8,0.614,0.626,193
30,193,5000,0.565,1,8,0.626,0.641,260
31,260,4500,0.627,1,8,0.641,0.46,44
32,44,4600,-0.276,1,8,0.46,0.579,52
33,52,4200,0.074,1,8,0.579,0.75,158
34,158,4500,1.122,1,8,0.75,0.667,6
23,270,2400,-1.177,2,5,0.497,0.463,147
24,147,2400,-0.826,2,5,0.463,0.554,168
25,168,2800,-0.048,2,5,0.554,0.611,161
26,161,4000,0.348,2,5,0.611,0.663,313
27,313,6500,1.108,2,5,0.663,0.562,314
31,398,7000,1.561,2,5,0.689,0.657,272
32,272,12000,1.13,2,5,0.657,0.725,260
33,260,11000,1.849,2,5,0.725,0.732,175
34,175,20000,0.957,2,5,0.732,0.624,61
19,2,2400,0.01,2,9,0,0.527,72
23,5,2000,-0.01,2,9,0.6,0.522,9
24,9,2700,-0.01,2,9,0.522,0.25,8
20,125,2400,-0.605,1,2,0.622,0.421,28
23,154,2800,0.438,1,2,0.71,0.53,136
19,4,2700,-0.164,1,2,0,0.376,177
20,177,2800,-1.616,1,2,0.376,0.383,185
21,26,3000,-0.362,2,2,0.421,0.752,120
23,43,2400,0.036,2,9,0.645,0.693,239
24,239,2000,0.406,2,9,0.693,0.635,179
25,179,2600,0.026,2,9,0.635,0,1
26,12,3100,-0.135,1,3,0.398,0.542,198
23,18,2400,-0.117,3,5,0.325,0,0
24,0,2700,0,3,5,0,0,5
25,5,2500,-0.104,3,5,0,0,2
26,2,2800,-0.04,3,5,0,0,10
27,10,2800,-0.293,3,5,0,0.761,117
28,117,2800,0.863,3,5,0.761,0.564,24
29,24,6200,-0.18,3,5,0.564,0.25,3
23,57,2400,-0.341,1,6,0.344,0.6,240
24,240,3000,0.333,1,6,0.6,0.689,113
27,81,5500,1.066,1,6,0.846,0.629,325
28,325,5500,-0.231,1,6,0.629,0.799,425
29,425,9000,1.352,1,6,0.799,0.602,375
19,8,2400,0.133,1,10,1.056,0.792,255
20,255,2000,1.062,1,10,0.792,0.689,152
21,152,3200,0.049,1,10,0.689,0.772,444
22,444,3700,1.57,1,10,0.772,0.806,447
23,447,7000,3.984,1,10,0.806,0.98,443
24,443,13000,6.522,1,10,0.98,1.053,415
25,415,32000,6.996,1,10,1.053,0.878,435
26,435,36000,5.514,1,10,0.878,0.908,478
27,478,36000,4.836,1,10,0.908,1.111,478
28,478,39000,8.825,1,10,1.111,1.011,493
35,540,250000,3.737,1,10,0.924,0.987,543
36,543,250000,3.699,1,10,0.987,0.79,485
25,77,2400,-0.157,2,3,0.602,0.766,248
26,248,5500,1.02,2,3,0.766,0.896,368
27,368,7000,2.57,2,3,0.896,0.8,356
28,356,11500,1.426,2,3,0.8,0.691,182
29,182,13000,0.564,2,3,0.691,0.602,135
30,135,11000,0.038,2,3,0.602,1.001,299
31,299,5000,4.335,2,3,1.001,0.852,492
32,492,21000,2.455,2,3,0.852,0.885,333
33,333,21000,2.664,2,3,0.885,0.742,370
34,370,30000,-0.104,2,3,0.742,0.888,342
35,342,30000,1.684,2,3,0.888,0.816,376
36,376,20000,0.438,2,3,0.816,0.709,167
19,211,2700,-0.311,1,5,0.639,0.554,187
26,66,2700,1.117,1,3,1.048,0.271,50
24,8,2400,0.112,1,4,0.75,1.109,20
28,107,2500,-0.662,1,4,0.6,0.685,178
29,178,3800,-0.118,1,4,0.685,0.543,83
30,83,6300,-0.455,1,4,0.543,0.666,78
23,54,3200,-0.371,1,6,0.394,0.504,49
24,49,3200,-0.211,1,6,0.504,0.4,53
25,56,2700,-0.213,2,8,0.591,0.666,117
26,117,3600,-0.026,2,8,0.666,0.698,57
27,57,5800,0.349,2,8,0.698,0.554,45
19,61,2400,-0.06,1,8,0.449,0.64,328
20,328,2500,0.832,1,8,0.64,0.465,93
21,93,5200,-0.348,1,8,0.465,0.68,261
22,261,4200,0.197,1,8,0.68,0.71,70
25,7,5800,-0.189,1,8,0.286,0.867,383
26,383,5200,3.782,1,8,0.867,0.895,470
27,470,14500,4.541,1,8,0.895,0.799,491
28,491,35000,3.316,1,8,0.799,0.891,511
29,511,35000,4.038,1,8,0.891,0.834,447
30,447,55000,2.952,1,8,0.834,0.855,443
31,443,100000,2.813,1,8,0.855,0.832,369
22,30,2400,-0.278,1,7,0.429,0.661,59
23,59,2200,0.081,1,7,0.661,0.85,350
24,350,2800,3.137,1,7,0.85,0.817,539
25,539,7500,5.426,1,7,0.817,0.691,459
26,459,13000,2.99,1,7,0.691,0.747,455
27,455,15000,3.308,1,7,0.747,0.814,415
30,99,20500,-0.161,1,7,0.723,0.873,455
31,455,20500,3.364,1,7,0.873,0.992,556
32,556,27000,4.798,1,7,0.992,0.84,545
23,45,2400,-0.282,1,3,0.452,0.961,33
24,33,2600,0.399,1,3,0.961,0.513,125
25,125,3000,-0.243,1,3,0.513,0.692,341
26,341,4200,1.683,1,3,0.692,0.784,477
27,477,8000,3.466,1,3,0.784,0.802,486
28,486,21000,3.075,1,3,0.802,0.7,370
29,370,21000,0.538,1,3,0.7,0.761,109
30,109,15000,0.528,1,3,0.761,0.855,174
31,174,10000,0.771,1,3,0.855,0.613,190
19,10,2400,0.089,2,8,0.717,0.643,41
20,41,2300,0.051,2,8,0.643,1,8
24,26,2400,-0.063,2,8,0.579,0.564,79
25,79,2600,-0.151,2,8,0.564,0.709,137
26,137,3500,0.491,2,8,0.709,0.634,192
27,192,4000,-0.034,2,8,0.634,0.759,288
28,288,7000,0.744,2,8,0.759,0.831,526
29,526,7000,2.342,2,8,0.831,0.728,390
30,390,14000,0.31,2,8,0.728,0.716,100
31,100,15000,-0.31,2,8,0.716,0.58,103
19,6,2400,-0.033,2,9,0.5,0.791,218
20,218,2400,1.172,2,9,0.791,0.6,86
21,86,4000,-0.322,2,9,0.6,0.815,422
22,422,4000,2.849,2,9,0.815,0.892,442
23,442,8000,4.928,2,9,0.892,0.766,503
24,503,13000,3.586,2,9,0.766,0.895,498
25,498,21000,6.037,2,9,0.895,0.994,483
26,483,40000,6.852,2,9,0.994,0.878,445
27,445,60000,4.017,2,9,0.878,0.886,575
28,575,60000,5.15,2,9,0.886,0.934,576
29,576,65000,5.949,2,9,0.934,0.95,553
30,553,150000,5.12,2,9,0.95,0.76,512
26,14,2700,-0.016,2,8,0.757,0.617,149
23,64,2400,0.231,2,9,0.743,0,4
24,4,2800,-0.045,2,9,0,0,1
28,62,2800,0.06,2,9,0.556,0.347,61
23,9,2700,-0.214,2,8,0.311,0.355,27
24,27,2900,-0.247,2,8,0.355,0,1
20,2,2700,-0.046,1,2,0,0,0
23,23,2700,-0.087,1,2,0.478,0.25,24
23,10,2400,0.288,1,4,1.338,0.595,93
24,93,2200,0.113,1,4,0.595,0.578,92
25,92,2300,-0.034,1,4,0.578,0.59,255
26,255,2800,0.06,1,4,0.59,0.772,486
27,486,4200,3.651,1,4,0.772,0.68,70
32,462,7000,5.821,1,4,0.845,0.795,269
33,269,13000,1.794,1,4,0.795,0.859,414
34,414,13000,4.329,1,4,0.859,0.644,407
35,407,18000,0.997,1,4,0.644,0.677,345
36,345,20000,1.656,1,4,0.677,0.605,167
37,167,20000,0.179,1,4,0.605,0.125,7
27,18,1800,0.149,1,2,0.683,0.352,45
28,45,2200,-0.33,1,2,0.352,0,3
29,3,2700,-0.061,1,2,0,0.633,31
30,182,2400,0.161,1,2,0.583,0.605,188
23,34,2400,-0.132,1,2,0.429,0,0
22,3,2400,0.034,1,2,0,1.35,4
24,4,2400,0.384,1,2,1.35,0.497,19
25,19,2400,0.678,1,2,0.497,0.62,73
26,73,2400,0.314,1,2,0.62,0.643,181
27,181,2400,0.291,1,2,0.643,0.566,110
28,110,2400,-0.012,1,2,0.566,0.592,80
29,80,2400,0.52,1,2,0.592,0.5,18
19,4,2400,-0.025,1,3,0.333,0.779,68
20,68,2400,0.36,1,3,0.779,0.329,17
21,17,2000,-0.136,1,3,0.329,0.65,8
22,8,2100,0.027,1,3,0.65,0.2,20
25,6,1900,-0.134,1,3,0,0.432,11
26,11,2000,-0.05,1,3,0.432,0,1
27,1,2100,-0.022,1,3,0,0.596,126
28,126,2100,-0.037,1,3,0.596,0.511,14
29,14,2600,-0.024,1,3,0.511,0.8,70
30,70,2600,0.616,1,3,0.8,0.143,6
19,1,2400,-0.023,1,5,0,0.581,40
20,40,1900,-0.071,1,5,0.581,0,3
26,18,2000,-0.111,1,5,0.5,0.643,173
27,173,2600,0.365,1,5,0.643,0.63,327
28,327,4200,1.097,1,5,0.63,0.501,244
29,244,8400,-0.56,1,5,0.501,0.564,101
30,101,9000,0.111,1,5,0.564,0.724,235
31,235,6800,1.307,1,5,0.724,0.604,265
32,265,3000,-0.162,1,5,0.604,0.675,316
33,316,3000,1.07,1,5,0.675,0.686,304
34,304,12000,-0.402,1,5,0.686,0.708,316
35,316,18000,0.357,1,5,0.708,0.552,64
22,338,2400,1.789,1,6,0.691,0.648,410
23,410,2400,2.136,1,6,0.648,0.652,223
27,101,3000,-0.044,1,6,0.549,0.545,151
28,151,3000,-0.157,1,6,0.545,0.668,337
29,337,3000,0.459,1,6,0.668,0.532,232
30,232,3000,-0.388,1,6,0.532,0.618,20
31,20,4500,0.091,1,6,0.618,0,0
19,3,2400,0.009,1,6,0.666,0.433,56
20,56,1700,-0.444,1,6,0.433,0.577,136
21,136,2000,0.029,1,6,0.577,0.636,281
22,281,2600,0.128,1,6,0.636,0.561,340
23,340,4000,-0.076,1,6,0.561,0.71,335
24,335,5700,2.248,1,6,0.71,0.626,310
25,310,7800,0.891,1,6,0.626,0.584,266
26,266,10000,0.384,1,6,0.584,0.706,351
27,351,8800,2.523,1,6,0.706,0.541,299
28,299,12000,-0.925,1,6,0.541,0.483,153
32,60,10000,-0.112,1,6,0.537,0.491,51
33,51,7000,-0.169,1,6,0.491,0.69,300
34,300,15000,-0.642,1,6,0.69,0.665,308
35,308,15000,-0.411,1,6,0.665,0.608,235
36,235,15000,-0.678,1,6,0.608,0.538,173
25,19,2400,0.057,1,6,0.602,0,0
28,8,1700,-0.187,1,6,0,0.38,46
29,46,1700,-0.375,1,6,0.38,0.423,16
30,16,2200,-0.127,1,6,0.423,0.472,31
31,31,2700,-0.159,1,6,0.472,0.655,254
32,254,3500,1.214,1,6,0.655,0.627,200
33,200,4500,0.886,1,6,0.627,0.493,58
23,33,2400,-0.225,1,3,0.382,0.542,127
24,127,2000,-0.372,1,3,0.542,0.659,271
25,271,2700,0.366,1,3,0.659,0.658,140
26,140,3800,0.443,1,3,0.658,0.674,344
27,344,4300,1.012,1,3,0.674,0.434,166
28,166,6600,-0.88,1,3,0.434,0.647,416
29,416,7500,1.021,1,3,0.647,0.474,244
30,244,10500,-0.82,1,3,0.474,0.844,423
31,423,7500,3.42,1,3,0.844,0.777,397
32,397,13500,2.781,1,3,0.777,0.566,331
33,331,16000,-0.054,1,3,0.566,0.579,100
34,100,15000,-0.004,1,3,0.579,0.567,72
23,21,2400,-0.491,1,4,0.816,0.533,167
24,167,2400,0.22,1,4,0.533,0.662,240
22,258,2400,-0.228,1,4,0.769,0.566,227
19,189,2400,-0.257,2,10,0.572,0.662,314
20,314,2500,0.317,2,10,0.662,0.843,465
21,465,3500,3.709,2,10,0.843,0.981,485
22,485,5000,5.633,2,10,0.981,0.925,450
23,450,7400,4.657,2,10,0.925,0.956,489
24,489,10000,5.161,2,10,0.956,0.967,481
25,481,15000,6.025,2,10,0.967,0.949,476
26,476,20000,5.585,2,10,0.949,0.882,474
27,474,25000,4.241,2,10,0.882,0.839,464
28,464,35000,3.374,2,10,0.839,0.869,445
29,445,45000,4.952,2,10,0.869,0.801,395
30,395,45000,2.944,2,10,0.801,0.852,293
31,293,55000,2.792,2,10,0.852,0.802,271
32,271,55000,1.543,2,10,0.802,0.673,237
33,237,55000,0.06,2,10,0.673,0.717,390
34,390,20000,1.412,2,10,0.717,0.756,429
35,429,13000,2.502,2,10,0.756,0.728,241
36,241,18000,0.708,2,10,0.728,0.6,2
37,2,14000,0.021,2,10,0.6,0.804,94
26,163,2400,0.912,1,9,0.762,0.431,38
23,51,2400,-0.206,1,7,0.678,0.648,228
24,0,2400,0.005,1,7,0,0.614,37
25,37,2400,0.102,1,7,0.614,0.533,20
26,20,2400,-0.042,1,7,0.533,0.709,357
27,357,2400,2.517,1,7,0.709,0.642,277
28,277,2400,0.523,1,7,0.642,0.614,268
29,268,2400,0.532,1,7,0.614,0.615,254
30,254,2400,0.521,1,7,0.615,0.464,124
31,124,2400,-0.81,1,7,0.464,0.697,97
32,97,4000,0.5,1,7,0.697,0.773,140
33,140,4500,0.755,1,7,0.773,0.588,128
23,223,2400,1.359,2,7,0.76,0.711,108
24,108,2600,0.176,2,7,0.711,0.704,248
28,334,3400,1.126,2,7,0.729,0.764,408
29,408,6300,2.528,2,7,0.764,0.634,345
30,345,8000,0.131,2,7,0.634,0.577,167
31,167,8500,-0.198,2,7,0.577,0.587,88
32,88,8500,-0.186,2,7,0.587,0.639,135
33,135,7500,0.142,2,7,0.639,0.579,84
34,84,7000,-0.372,2,7,0.579,0.846,62
35,62,6500,0.289,2,7,0.846,0.706,47
36,47,4200,0.04,2,7,0.706,0,8
20,67,1900,0.457,2,9,0.754,0.639,107
26,17,2400,0.083,2,9,0.675,0.795,131
27,131,2700,0.973,2,9,0.795,0.623,281
28,281,4000,0.484,2,9,0.623,0.467,83
29,83,6000,-0.587,2,9,0.467,0.792,377
30,377,4500,2.779,2,9,0.792,0.812,360
31,360,10000,1.087,2,9,0.812,0.705,313
32,313,12000,0.888,2,9,0.705,0.775,213
33,213,12000,0.582,2,9,0.775,0.639,83
23,2,2400,-0.09,2,8,0,0,3
24,3,2000,-0.073,2,8,0,0,2
30,28,3000,-0.068,2,8,0.639,0.494,15
23,59,2400,0.655,1,7,0.911,0.453,59
24,59,2700,-0.261,1,7,0.453,0.757,216
25,216,2300,1.458,1,7,0.757,0.567,72
26,72,2300,0.029,1,7,0.567,0.719,270
27,270,2300,1.255,1,7,0.719,0.419,103
28,103,2300,-0.736,1,7,0.419,0.77,336
29,336,5000,1.872,1,7,0.77,0.639,279
33,359,7600,1.804,1,7,0.762,0.884,130
34,130,11000,1.615,1,7,0.884,0.919,84
35,84,9200,0.944,1,7,0.919,0.629,136
36,136,15000,0.131,1,7,0.629,0.741,112
37,112,15000,0.91,1,7,0.741,0.564,66
38,66,15000,-0.258,1,7,0.564,0.517,52
27,317,2400,2.127,2,10,1.087,0.92,309
28,309,2400,5.062,2,10,0.92,1.003,346
18,154,2400,0.502,2,7,0.556,0.643,490
19,490,2400,2.22,2,7,0.643,0.662,377
20,377,4600,2.452,2,7,0.662,0.741,480
21,480,4600,4.198,2,7,0.741,0.832,505
22,505,7600,5.553,2,7,0.832,0.694,502
23,502,10500,2.78,2,7,0.694,0.798,467
24,467,13500,4.854,2,7,0.798,0.596,426
25,426,21000,0.677,2,7,0.596,0.769,262
26,262,18000,2.153,2,7,0.769,0.679,292
27,292,25000,1.615,2,7,0.679,0.728,370
28,370,25000,2.505,2,7,0.728,0.703,295
29,295,30000,1.657,2,7,0.703,0.778,341
30,341,30000,2.367,2,7,0.778,0.735,309
31,309,40000,1.967,2,7,0.735,0.58,59
26,295,2400,0.921,1,7,0.707,0.873,342
27,342,2900,2.052,1,7,0.873,0.857,386
28,386,5000,2.574,1,7,0.857,0.936,433
29,433,7200,4.081,1,7,0.936,0.708,280
30,280,7200,0.529,1,7,0.708,0.903,376
31,376,11000,2.69,1,7,0.903,0.668,226
32,226,13000,0.386,1,7,0.668,0.611,34
33,34,11000,-0.05,1,7,0.611,0.717,121
34,121,11000,0.572,1,7,0.717,0.732,129
23,223,2000,0.038,1,8,0.628,0.601,88
24,88,2200,-0.058,1,8,0.601,0.707,63
25,63,2200,0.068,1,8,0.707,0.568,20
26,20,2200,-0.033,1,8,0.568,0.599,55
27,55,2200,-0.114,1,8,0.599,0.702,129
28,129,2600,0.502,1,8,0.702,0.51,81
29,81,4400,-0.518,1,8,0.51,0.688,170
32,50,5500,0.401,1,8,0.761,0.528,54
33,54,5500,-0.154,1,8,0.528,0.293,36
34,36,5200,-0.479,1,8,0.293,0.2,4
26,206,2400,0.437,2,8,0.797,0.545,112
27,112,2400,1.297,2,8,0.545,0.529,139
30,362,25000,2.412,1,3,0.893,0.889,536
31,536,90000,3.057,1,3,0.889,0.868,499
33,557,75000,5.336,2,8,0.912,0.882,513
29,264,2400,2.504,1,10,0.912,1.076,475
33,438,2400,5.558,1,10,0.974,0.838,358
34,358,2400,2.271,1,10,0.838,0.855,436
32,472,2400,4.441,2,7,0.789,0.88,486
33,486,2400,3.876,2,7,0.88,0.77,347
32,100,15000,-0.111,2,9,0.692,0.876,431
28,176,2400,2.329,1,9,1.041,0.793,349
28,443,25000,6.141,2,3,1.11,1.287,472
29,472,125000,10.873,2,3,1.287,1.106,436
30,437,80000,4.344,1,3,0.997,0.826,501
27,336,2400,2.403,3,8,0.911,0.978,564
28,564,80000,5.992,3,8,0.978,0.905,520
32,425,75000,4.392,1,5,0.983,0.877,325
31,515,110000,3.534,1,3,0.965,1.024,506
32,506,140000,5.484,1,3,1.024,0.911,472
27,492,100000,2.893,1,3,0.96,1.075,445
41,415,2400,4.469,3,10,0.886,0.697,86
30,526,78000,5.014,2,8,0.941,0.81,247
27,423,60000,3.412,1,4,0.86,0.842,462
26,21,3000,-0.168,1,2,0.372,0.334,6
27,6,3300,-0.038,1,2,0.334,0.451,39
19,242,2200,0.554,1,4,0.63,0.635,282
20,282,3500,1.383,1,4,0.635,0.714,406
21,406,7000,3.318,1,4,0.714,0.696,419
22,419,12500,3.117,1,4,0.696,0.771,372
23,372,17000,3.062,1,4,0.771,0.761,427
24,427,24000,3.347,1,4,0.761,0.761,449
25,449,31000,2.732,1,4,0.761,0.658,358
26,358,31000,-0.198,1,4,0.658,0.666,144
27,144,31000,0.022,1,4,0.666,0.676,453
28,453,24000,1.039,1,4,0.676,0.713,468
19,1,2400,0.059,1,6,2,0,0
20,0,2000,-0.042,1,6,0,0.4,5
24,9,2400,-0.201,1,6,0,0.673,163
25,163,2400,0.94,1,6,0.673,0.581,162
26,162,5000,-0.018,1,6,0.581,0.753,398
27,398,7000,2.681,1,6,0.753,0.765,397
28,397,18000,1.41,1,6,0.765,0.794,479
29,479,18000,2.639,1,6,0.794,0.674,380
30,380,28000,0.863,1,6,0.674,0.693,415
31,415,25000,0.698,1,6,0.693,0.602,426
24,151,2700,1.042,2,4,0.741,0.645,185
25,185,4700,0.277,2,4,0.645,0.51,77
23,7,2400,0.011,1,4,0.393,0.432,41
24,41,4500,-0.184,1,4,0.432,0.53,188
27,1,4500,0.011,1,4,0,0,2
23,3,2400,-0.09,1,5,0,0.167,5
27,48,2400,0.158,1,5,0.669,0.47,23
28,23,3500,-0.107,1,5,0.47,0.58,132
29,132,5500,-0.566,1,5,0.58,0.793,91
30,91,5500,0.624,1,5,0.793,0.462,35
31,35,6200,-0.487,1,5,0.462,0.403,34
32,34,6200,-0.308,1,5,0.403,0.645,30
19,245,2400,4.328,1,10,1.085,0.709,298
20,298,4000,0.654,1,10,0.709,0.996,479
21,479,3500,6.004,1,10,0.996,0.941,473
22,473,10500,5.148,1,10,0.941,0.948,461
23,461,15500,5.097,1,10,0.948,0.852,423
24,423,24000,4.412,1,10,0.852,0.903,393
25,393,31000,4.48,1,10,0.903,1.039,410
26,410,29000,6.136,1,10,1.039,0.961,336
30,416,150000,6.969,1,10,1.01,0.919,345
31,345,150000,3.684,1,10,0.919,1.027,422
32,422,150000,4.954,1,10,1.027,0.996,408
33,408,160000,5.196,1,10,0.996,1.044,529
34,529,160000,5.205,1,10,1.044,0.958,356
35,356,160000,2.46,1,10,0.958,0.834,254
36,254,160000,0.436,1,10,0.834,0.777,433
22,4,2400,0.067,1,10,1,0.75,94
23,94,2200,0.313,1,10,0.75,0.85,383
24,383,3000,2.436,1,10,0.85,0.958,360
25,360,6000,4.034,1,10,0.958,0.84,370
29,279,14000,0.608,1,10,0.632,0.764,186
30,186,10000,0.086,1,10,0.764,0.583,46
31,46,8000,-0.138,1,10,0.583,0.958,20
32,20,8000,0.309,1,10,0.958,0.88,90
33,90,5000,0.523,1,10,0.88,0.543,66
23,48,2500,-0.07,1,9,0.654,0.51,61
24,61,3100,-0.162,1,9,0.51,0.912,158
25,158,7000,1.343,1,9,0.912,0.94,484
26,484,7000,4.709,1,9,0.94,1.006,483
27,483,19500,6.805,1,9,1.006,0.846,488
28,488,37000,3.399,1,9,0.846,0.862,458
19,163,2400,0.311,1,3,0.578,0.519,130
23,188,3000,-0.057,1,3,0.704,0.649,160
24,160,3500,-0.181,1,3,0.649,0.865,201
25,201,3500,1.729,1,3,0.865,0.954,469
26,469,6200,6.506,1,3,0.954,1.039,450
27,450,22000,7.022,1,3,1.039,1.119,459
28,459,50000,6.63,1,3,1.119,1.15,528
32,400,150000,6.812,1,3,1.175,0.958,432
23,42,2400,0.321,2,9,0.698,0.58,66
27,123,3800,0.07,2,9,0.752,0.478,41
19,1,2400,0.005,1,3,0,0,1
20,1,2000,0.005,1,3,0,0.496,45
21,45,2000,-0.125,1,3,0.496,0.255,27
26,167,2400,1.191,1,3,0.767,0.767,289
27,289,4100,2.292,1,3,0.767,0.798,68
28,68,7700,0.592,1,3,0.798,0.73,281
29,281,7700,0.061,1,3,0.73,0.848,361
30,361,16000,0.228,1,3,0.848,0.965,341
31,341,16000,2.867,1,3,0.965,0.84,538
32,538,16000,2.153,1,3,0.84,0.785,460
33,460,31000,0.393,1,3,0.785,0.548,169
20,2,2700,0.026,2,7,0,0.476,131
21,131,2800,-0.578,2,7,0.476,0.626,46
22,46,3300,-0.059,2,7,0.626,0.613,31
24,125,2400,0.547,1,4,0.624,0.555,51
27,25,4000,0.15,1,4,0.693,0.73,227
28,227,4800,0.251,1,4,0.73,0.551,187
29,187,7500,-0.758,1,4,0.551,0.614,234
23,7,2400,-0.118,2,8,0.125,0.684,193
24,193,2100,0.643,2,8,0.684,0.718,408
25,408,4095,2.564,2,8,0.718,0.662,203
29,53,7000,-0.129,2,8,0.587,0.664,22
30,22,6000,-0.087,2,8,0.664,0.457,49
31,49,5500,-0.125,2,8,0.457,0,4
32,4,6500,-0.091,2,8,0,0.25,16
28,4,2400,-0.11,2,3,0,0.833,138
29,138,2700,0.35,2,3,0.833,0.706,256
24,2,2400,0.033,1,7,1,0.609,255
25,255,2600,0.065,1,7,0.609,0.479,60
19,190,2400,-0.099,2,10,0.663,0.699,292
20,292,2600,0.413,2,10,0.699,0.753,321
21,321,3600,0.841,2,10,0.753,0.867,419
22,419,5100,3.501,2,10,0.867,0.928,481
23,481,8000,5.328,2,10,0.928,0.943,404
24,404,16000,5.072,2,10,0.943,0.839,453
25,453,18500,3.633,2,10,0.839,0.721,428
26,428,25000,2.225,2,10,0.721,0.93,220
27,220,22000,3.082,2,10,0.93,0.828,324
28,324,24000,2.392,2,10,0.828,0.829,380
29,380,36000,1.957,2,10,0.829,0.841,378
30,378,54000,2.57,2,10,0.841,0.687,323
31,323,55000,0.939,2,10,0.687,0.77,365
32,365,55000,2.789,2,10,0.77,0.819,368
33,368,60000,2.838,2,10,0.819,0.809,412
34,412,60000,2.05,2,10,0.809,0.72,301
35,301,60000,0.398,2,10,0.72,0.883,371
36,371,60000,1.551,2,10,0.883,0.756,262
37,262,40000,-0.144,2,10,0.756,0.787,283
28,3,2900,-0.061,1,2,0.25,0.565,231
29,231,2900,-1.187,1,2,0.565,0.767,254
30,254,4500,0.793,1,2,0.767,0.655,162
31,162,7100,-0.134,1,2,0.655,0.311,40
19,366,2400,1.555,1,3,0.756,0.628,457
20,457,4000,-1.227,1,3,0.628,0.741,161
21,161,4700,0.643,1,3,0.741,0.841,340
22,340,5000,3.63,1,3,0.841,0.906,338
23,338,7500,3.851,1,3,0.906,0.716,470
24,470,12300,2.305,1,3,0.716,0.772,458
25,458,15000,3.418,1,3,0.772,0.816,416
26,416,18000,4.2,1,3,0.816,0.824,445
27,445,22000,4.148,1,3,0.824,0.711,355
28,355,32000,2.141,1,3,0.711,0.816,419
29,419,35000,3.387,1,3,0.816,0.698,365
30,365,4000,1.552,1,3,0.698,0.776,422
31,422,35000,3.506,1,3,0.776,0.91,365
32,365,35000,5.501,1,3,0.91,0.842,407
33,407,50000,4.657,1,3,0.842,0.925,383
34,383,50000,4.017,1,3,0.925,0.8,363
35,363,50000,1.47,1,3,0.8,0.815,370
36,370,50000,1.131,1,3,0.815,0.828,276
37,276,30000,1.258,1,3,0.828,0.787,183
23,35,2400,-0.332,2,9,0.305,0.542,75
27,154,5200,-0.255,2,9,0.685,0.989,24
28,24,5200,0.234,2,9,0.989,0.779,198
29,198,4700,0.233,2,9,0.779,0.723,269
30,269,8500,0.602,2,9,0.723,0.53,96
19,24,2700,0.226,2,5,1.083,0.813,156
20,156,3100,0.586,2,5,0.813,0.688,302
21,302,7500,-0.099,2,5,0.688,0.545,232
23,27,2400,-0.239,1,4,0.394,0.586,47
24,47,2600,0.058,1,4,0.586,0.522,92
25,92,3100,-0.043,1,4,0.522,0.533,124
29,13,3400,-0.14,1,4,0.265,0,0
30,0,3700,0.001,1,4,0,0.715,76
31,76,3500,-0.134,1,4,0.715,0.461,19
20,156,4700,-0.556,2,7,0.67,0.299,29
23,12,2400,-0.029,1,3,0.5,0.553,44
27,366,2800,0.125,1,3,0.76,0.593,101
23,184,2400,0.107,1,2,0.593,0.646,396
24,396,2400,0.994,1,2,0.646,0.58,357
25,357,4800,0.393,1,2,0.58,0.718,423
26,423,6800,2.528,1,2,0.718,0.697,389
27,389,11500,2.069,1,2,0.697,0.639,298
28,298,9800,0.981,1,2,0.639,0.593,367
29,367,9800,1.099,1,2,0.593,0.662,320
30,320,11500,1.72,1,2,0.662,0.684,86
31,86,15000,0.481,1,2,0.684,0.677,379
32,379,15000,1.242,1,2,0.677,0.646,300
33,300,22500,0.965,1,2,0.646,0.622,123
34,123,32500,0.642,1,2,0.622,0.501,163
35,163,32500,-0.167,1,2,0.501,0.606,87
36,87,17000,0.212,1,2,0.606,0.35,10
29,32,3800,-0.064,1,2,0.505,0.59,180
30,180,3800,-0.524,1,2,0.59,0.344,22
31,22,5500,-0.206,1,2,0.344,0,4
32,4,5300,-0.089,1,2,0,0.55,20
22,89,2400,-0.002,1,8,0.56,0.656,160
23,160,2400,0.615,1,8,0.656,0.771,238
24,238,2400,2.05,1,8,0.771,0.598,209
25,209,2400,0.123,1,8,0.598,0.724,274
26,274,3700,1.435,1,8,0.724,0.598,252
27,252,4500,-0.652,1,8,0.598,0.706,444
28,444,5400,1.035,1,8,0.706,0.753,245
29,245,6000,0.768,1,8,0.753,0.761,193
30,193,8500,1.02,1,8,0.761,0.594,84
31,84,10500,-0.191,1,8,0.594,0.701,341
32,341,11000,0.939,1,8,0.701,0.718,146
33,146,11000,0.576,1,8,0.718,0.511,163
34,163,11000,-0.686,1,8,0.511,0.431,68
26,12,2000,-0.155,1,7,0.417,0.705,73
27,73,3300,-0.282,1,7,0.705,0.626,29
28,29,3300,-0.092,1,7,0.626,0,4
19,74,2400,-0.404,1,5,0.487,0.47,99
20,99,2200,-0.451,1,5,0.47,0.79,52
21,52,2200,0.443,1,5,0.79,0.751,108
22,108,2500,0.339,1,5,0.751,0.585,146
26,271,2500,-0.661,1,5,0.607,0.446,117
27,117,4500,-0.918,1,5,0.446,0.69,249
28,249,3500,0.221,1,5,0.69,0.737,151
29,151,6100,-0.113,1,5,0.737,0.61,83
30,83,5500,-0.831,1,5,0.61,0.854,345
31,345,5500,1.626,1,5,0.854,0.45,106
32,106,11000,-0.775,1,5,0.45,0.25,8
18,1,2400,-0.022,2,7,0,0.733,319
19,319,2000,1.616,2,7,0.733,0.963,470
20,470,4200,7.137,2,7,0.963,1.037,482
21,482,12600,6.882,2,7,1.037,0.945,473
22,473,25200,5.239,2,7,0.945,0.836,475
23,475,27000,4.199,2,7,0.836,0.74,437
24,437,30000,2.761,2,7,0.74,0.852,434
25,434,31000,3.403,2,7,0.852,0.884,463
26,463,45000,3.987,2,7,0.884,0.979,512
30,453,140000,5.561,2,7,1.004,0.807,526
32,417,60000,3.311,2,3,0.893,0.486,50
30,400,55000,3.56,1,10,0.975,0.862,514
21,14,2400,0.076,1,3,0.696,0.868,420
22,420,2400,3.882,1,3,0.868,0.787,241
23,241,2400,2.358,1,3,0.787,0.412,96
24,96,2400,-0.545,1,3,0.412,0.776,186
25,186,2400,1.501,1,3,0.776,1.026,291
26,291,4500,4.56,1,3,1.026,0.878,224
27,224,6500,2.289,1,3,0.878,0.91,241
28,241,6500,2.758,1,3,0.91,0.589,48
29,48,7000,-0.042,1,3,0.589,0.5,52
23,495,2000,5.599,2,10,0.81,0.744,499
24,499,3800,3.483,2,10,0.744,1.014,550
25,550,6000,8.066,2,10,1.014,0.865,527
26,527,12000,5.165,2,10,0.865,0.818,542
27,542,20000,4.549,2,10,0.818,0.825,389
28,389,20000,3.427,2,10,0.825,0.826,154
29,154,25000,1.271,2,10,0.826,0.865,496
30,496,22000,5.722,2,10,0.865,0.843,466
31,466,30000,4.943,2,10,0.843,0.75,478
36,404,40000,1.16,2,10,0.741,0.862,485
37,485,40000,4.364,2,10,0.862,0.733,420
38,420,60000,1.892,2,10,0.733,0.839,374
39,374,60000,2.923,2,10,0.839,0.601,195
40,195,80000,-0.579,2,10,0.601,0.578,96
41,96,80000,-0.434,2,10,0.578,2,1
25,25,2600,-0.199,1,9,0.334,1.078,28
26,28,2600,0.495,1,9,1.078,0.091,10
27,10,4000,-0.203,1,9,0.091,0,7
28,7,3500,-0.025,1,9,0,0.166,12
19,365,2400,2.765,2,10,0.822,0.812,459
20,459,2400,3.653,2,10,0.812,0.989,517
21,517,6500,6.783,2,10,0.989,1.025,477
22,477,8500,6.73,2,10,1.025,1.191,486
23,486,11000,8.911,2,10,1.191,1.008,454
24,454,30000,5.185,2,10,1.008,1.017,463
25,463,30000,5.519,2,10,1.017,1.125,511
26,511,41000,8.955,2,10,1.125,1.127,479
36,488,80000,5.469,2,10,0.886,0.693,443
37,443,80000,0.371,2,10,0.693,0.915,506
38,506,80000,2.464,2,10,0.915,0.949,470
39,470,100000,3.156,2,10,0.949,0.898,542
40,542,100000,2.664,2,10,0.898,0.864,472
19,163,2400,-0.116,1,5,0.588,0.534,287
20,287,3000,-0.334,1,5,0.534,0.615,363
21,363,5500,0.709,1,5,0.615,0.653,120
22,120,6800,0.394,1,5,0.653,0.794,376
23,376,6800,2.089,1,5,0.794,0.76,291
24,291,10500,1.517,1,5,0.76,0.646,264
25,264,9400,0.543,1,5,0.646,0.731,325
26,325,8400,2.056,1,5,0.731,0.858,264
27,264,10000,2.81,1,5,0.858,0.676,231
30,19,15000,0.311,1,5,1.153,0.773,411
31,411,30000,1.102,1,5,0.773,0.867,479
32,479,30000,3.315,1,5,0.867,0.768,395
28,191,3100,0.215,2,9,0.684,0.154,13
29,13,6200,-0.271,2,9,0.154,0.72,188
27,279,50000,2.365,1,5,0.849,0.889,523
28,523,50000,5.356,1,5,0.889,0.769,181
